PrimaryState,SettlementCity,County1,County2,State2,County3,State3,County4,State4,County5,State5,OtherDistinction,YearFounded,ChurchDistricts,city1,city2,city3,city1Lon,city1Lat,city2Lon,city2Lat,city3Lon,city3LatARKANSAS,Salem,Fulton,NA,NA,NA,NA,NA,NA,NA,NA,NA,2009,1,Salem,NA,NA,-92.19043195,35.50007885,NA,NA,NA,NAARKANSAS,Rector,Clay,NA,NA,NA,NA,NA,NA,NA,NA,NA,2009,1,Rector,NA,NA,-90.2926008,36.2631185,NA,NA,NA,NACOLORADO,Monte Vista,Rio Grande,Conejos,COLORADO,NA,NA,NA,NA,NA,NA,NA,2002,2,Monte Vista,NA,NA,-106.1480842,37.5791696,NA,NA,NA,NACOLORADO,La Jara,Conejos,NA,NA,NA,NA,NA,NA,NA,NA,NA,2004,1,La Jara,NA,NA,-105.960301,37.2750084,NA,NA,NA,NACOLORADO,Westcliffe,Custer,NA,NA,NA,NA,NA,NA,NA,NA,NA,2008,1,Westcliffe,NA,NA,-105.4658353,38.1347219,NA,NA,NA,NACOLORADO,Hillside/Cotopaxi,Custer,Fremont,COLORADO,NA,NA,NA,NA,NA,NA,NA,2011,1,Hillside,Cotopaxi,NA,-105.612778,38.265,-105.6879237,38.3707975,NA,NADELAWARE,Dover/Hartly,Kent,NA,NA,NA,NA,NA,NA,NA,NA,NA,1915,10,Dover,Hartly,NA,-75.5243682,39.158168,-75.7132641,39.168723,NA,NAFLORIDA,Pinecraft,Sarasota,NA,NA,NA,NA,NA,NA,NA,NA,NA,1927,1,Pinecraft,NA,NA,-82.4912075,27.3250465,NA,NA,NA,NAIDAHO,Salmon,Lemhi,NA,NA,NA,NA,NA,NA,NA,NA,NA,2012,1,Salmon,NA,NA,-113.8959008,45.1757547,NA,NA,NA,NAILLINOIS,Arthur/Arcola,Douglas,Moultrie,ILLINOIS,Cole,ILLINOIS,NA,NA,NA,NA,NA,1864,29,Arthur,Arcola,NA,-88.472278,39.7147552,-88.3064367,39.684755,NA,NAILLINOIS,Ava,Jackson,Randolph,ILLINOIS,NA,NA,NA,NA,NA,NA,NA,1991,2,Ava,NA,NA,-89.4948169,37.8883846,NA,NA,NA,NAILLINOIS,Colchester/Macomb,McDonough,NA,NA,NA,NA,NA,NA,NA,NA,NA,1993,2,Colchester,Macomb,NA,-90.7926324,40.4264306,-90.6717971,40.4592076,NA,NAILLINOIS,Pleasant Hill/Martinsburg,Pike,NA,NA,NA,NA,NA,NA,NA,NA,NA,1994,1,Pleasant Hill,Martinsburg,NA,-90.8723526,39.4433806,-90.8426298,39.5158809,NA,NAILLINOIS,Belle Rive/Opdyke,Jefferson,NA,NA,NA,NA,NA,NA,NA,NA,NA,1995,2,Belle Rive,Opdyke,NA,-88.740615,38.2328265,-88.790556,38.259722,NA,NAILLINOIS,Flat Rock,Crawford,NA,NA,NA,NA,NA,NA,NA,NA,NA,1995,1,Flat Rock,NA,NA,-87.6716922,38.901711,NA,NA,NA,NAILLINOIS,Vienna,Johnson,NA,NA,NA,NA,NA,NA,NA,NA,NA,2000,1,Vienna,NA,NA,-88.8978434,37.4153295,NA,NA,NA,NAILLINOIS,Barry,Adams,Pike,ILLINOIS,NA,NA,NA,NA,NA,NA,NA,2002,1,Barry,NA,NA,-91.0390246,39.6942134,NA,NA,NA,NAILLINOIS,Cisne/Fairfield,Wayne,NA,NA,NA,NA,NA,NA,NA,NA,NA,2002,1,Cisne,Fairfield,NA,-88.4375481,38.5158815,-88.3597683,38.378937,NA,NAILLINOIS,Cuba/Lewistown,Fulton,NA,NA,NA,NA,NA,NA,NA,NA,NA,2005,1,Cuba,Lewistown,NA,-90.1906768,40.4928181,-90.1548421,40.3930973,NA,NAILLINOIS,Carbondale,Jackson,NA,NA,NA,NA,NA,NA,NA,NA,NA,2006,1,Carbondale,NA,NA,-89.2167501,37.7272727,NA,NA,NA,NAILLINOIS,Oblong,Crawford,NA,NA,NA,NA,NA,NA,NA,NA,NA,2006,1,Oblong,NA,NA,-87.9089204,39.0019867,NA,NA,NA,NAILLINOIS,Dale/McLeansboro,Hamilton,NA,NA,NA,NA,NA,NA,NA,NA,NA,2006,1,Dale,McLeansboro,NA,-88.4915499,37.9948006,-88.5356076,38.0933811,NA,NAILLINOIS,Roseville,Warren,NA,NA,NA,NA,NA,NA,NA,NA,NA,2007,1,Roseville,NA,NA,-90.6645784,40.7322617,NA,NA,NA,NAILLINOIS,Harrisburg/Galatia,Saline,NA,NA,NA,NA,NA,NA,NA,NA,NA,2007,1,Harrisburg,Galatia,NA,-88.540607,37.7383812,-88.6092215,37.8406037,NA,NAILLINOIS,Xenia/Orchardville,Clay,Wayne,ILLINOIS,NA,NA,NA,NA,NA,NA,NA,2007,2,Xenia,Orchardville,NA,-88.6347744,38.6358808,-88.6503317,38.5064369,NA,NAILLINOIS,Johnsonville,Wayne,NA,NA,NA,NA,NA,NA,NA,NA,NA,2008,1,Johnsonville,NA,NA,-88.5369951,38.5222701,NA,NA,NA,NAILLINOIS,Sumner/Olney,Richland,Lawrence,ILLINOIS,NA,NA,NA,NA,NA,NA,NA,2010,1,Sumner,Olney,NA,-87.8614202,38.7169918,-88.0853154,38.7308811,NA,NAINDIANA,ELN,Elkhart,LaGrange,INDIANA,Noble,INDIANA,NA,NA,NA,NA,NA,1841,153,ELN,NA,NA,-82.6437184,40.4443246,NA,NA,NA,NAINDIANA,Nappanee,Elkhart,Kosciusko,INDIANA,Marshall,INDIANA,St Joseph,INDIANA,NA,NA,NA,1841,39,Nappanee,NA,NA,-86.0013875,41.4428253,NA,NA,NA,NAINDIANA,Kokomo/Amboy,Howard,Miami,INDIANA,NA,NA,NA,NA,NA,NA,NA,1848,2,Kokomo,Amboy,NA,-86.1336033,40.486427,-85.9288757,40.6014291,NA,NAINDIANA,Berne/Monroe/Geneva,Adams,Jay,INDIANA,Wells,INDIANA,Mercer,OHIO,NA,NA,NA,1850,54,Berne,Monroe,Geneva,-84.9519115,40.6578242,-84.9369111,40.7450468,-84.9587879,40.5919904INDIANA,Grabill/New Haven,Allen,NA,NA,NA,NA,NA,NA,NA,NA,NA,1852,19,Grabill,New Haven,NA,-84.9669112,41.2108829,-85.0144124,41.0706042,NA,NAINDIANA,Montgomery/Odon,Daviess,Martin,INDIANA,NA,NA,NA,NA,NA,NA,NA,1868,28,Montgomery,Odon,NA,-87.0461181,38.6625493,-86.9913959,38.8428256,NA,NAINDIANA,Paoli,Orange,NA,NA,NA,NA,NA,NA,NA,NA,NA,1957,1,Paoli,NA,NA,-86.468321,38.5561663,NA,NA,NA,NAINDIANA,Hamilton,Steuben,Williams,OHIO,NA,NA,NA,NA,NA,NA,NA,1850,54,Hamilton,NA,NA,-84.9127396,41.5336616,NA,NA,NA,NAINDIANA,Milroy,Rush,Decatur,INDIANA,NA,NA,NA,NA,NA,NA,NA,1969,3,Milroy,NA,NA,-85.4681728,39.4977842,NA,NA,NA,NAINDIANA,Salem,Washington,NA,NA,NA,NA,NA,NA,NA,NA,NA,1972,1,Salem,NA,NA,-86.101089,38.6056131,NA,NA,NA,NAINDIANA,South Whitley,Whitley,County),INDIANA,NA,NA,NA,NA,NA,NA,NA,1974,2,South Whitley,NA,NA,-85.6280381,41.0847677,NA,NA,NA,NAINDIANA,Salem,Washington,Swiss,INDIANA,NA,NA,NA,NA,NA,NA,NA,1981,3,Salem,NA,NA,-86.101089,38.6056131,NA,NA,NA,NAINDIANA,Vevay,Switzerland,Jefferson,INDIANA,NA,NA,NA,NA,NA,NA,Swiss,1987,3,Vevay,NA,NA,-85.0671725,38.7478401,NA,NA,NA,NAINDIANA,Rockville,Parke,NA,NA,NA,NA,NA,NA,NA,NA,NA,1991,7,Rockville,NA,NA,-87.2291809,39.7625404,NA,NA,NA,NAINDIANA,Hagerstown/Greensfork,Henry,Randolph,INDIANA,Wayne,INDIANA,NA,NA,NA,NA,NA,1994,8,Hagerstown,Greensfork,NA,-85.1616315,39.9111576,-84.8776392,40.052773,NA,NAINDIANA,Orleans,Lawrence,Orange,INDIANA,NA,NA,NA,NA,NA,NA,NA,1994,3,Orleans,NA,NA,-86.4516557,38.6617205,NA,NA,NA,NAINDIANA,Rochester/Akron,Fulton,Miami,INDIANA,NA,NA,NA,NA,NA,NA,NA,1996,2,Rochester,Akron,NA,-86.2158331,41.0647645,-86.0280502,41.0383766,NA,NAINDIANA,Vevay,Switzerland,NA,NA,NA,NA,NA,NA,NA,NA,NA,2003,2,Vevay,NA,NA,-85.0671725,38.7478401,NA,NA,NA,NAINDIANA,English,Crawford,NA,NA,NA,NA,NA,NA,NA,NA,NA,2007,1,English,NA,NA,-86.4641498,38.3345045,NA,NA,NA,NAINDIANA,Holton/Versailles,Ripley,NA,NA,NA,NA,NA,NA,NA,NA,NA,2008,1,Holton,Versailles,NA,-85.387185,39.0750538,-85.2519035,39.0719988,NA,NAINDIANA,Mooreland,Henry,Wayne,INDIANA,NA,NA,NA,NA,NA,NA,NA,2008,1,Mooreland,NA,NA,-85.2510765,39.9975468,NA,NA,NA,NAINDIANA,Gosport,Owen,NA,NA,NA,NA,NA,NA,NA,NA,NA,2011,1,Gosport,NA,NA,-86.6669472,39.3508793,NA,NA,NA,NAIOWA,Kalona,Johnson,Washington,IOWA,NA,NA,NA,NA,NA,NA,NA,1846,10,Kalona,NA,NA,-91.7060015,41.4830723,NA,NA,NA,NAIOWA,Hazelton/Fairbank,Buchanan,NA,NA,NA,NA,NA,NA,NA,NA,NA,1914,7,Hazelton,Fairbank,NA,-91.9056039,42.6174483,-92.0471199,42.6391512,NA,NAIOWA,Milton/Pulaski,Davis,Van Buren,IOWA,NA,NA,NA,NA,NA,NA,NA,1969,3,Milton,Pulaski,NA,-92.1621241,40.6733602,-92.2732386,40.696969,NA,NAIOWA,Bloomfield/Drakesville,Davis,NA,NA,NA,NA,NA,NA,NA,NA,NA,1971,9,Bloomfield,Drakesville,NA,-92.4149074,40.7516884,-92.4815754,40.7983533,NA,NAIOWA,McIntire/Riceville,Howard,Mitchell,IOWA,NA,NA,NA,NA,NA,NA,NA,1975,2,McIntire,Riceville,NA,-92.5937915,43.4358006,-92.5540687,43.3638571,NA,NAIOWA,Edgewood,Clayton,Delaware,IOWA,NA,NA,NA,NA,NA,NA,NA,1986,3,Edgewood,NA,NA,-91.4012515,42.6444313,NA,NA,NA,NAIOWA,Chariton/Corydon,Lucas,NA,NA,NA,NA,NA,NA,NA,NA,NA,1992,1,Chariton,Corydon,NA,-93.3140985,41.0199996,-93.3188229,40.7569499,NA,NAIOWA,Redding,Ringgold,NA,NA,NA,NA,NA,NA,NA,NA,NA,1994,2,Redding,NA,NA,-94.387736,40.6047134,NA,NA,NA,NAIOWA,Seymour,Wayne,Putnam,MISSOURI,NA,NA,NA,NA,NA,NA,NA,1996,4,Seymour,NA,NA,-93.1197708,40.6822273,NA,NA,NA,NAIOWA,Lamoni/Davis City,Decatur,Ringgold,IOWA,Harrison,MISSOURI,NA,NA,NA,NA,NA,1997,3,Lamoni,Davis City,NA,-93.9341158,40.622777,-93.8116131,40.6391684,NA,NAIOWA,Waukon,Allamakee,NA,NA,NA,NA,NA,NA,NA,NA,NA,2000,1,Waukon,NA,NA,-91.475695,43.2694208,NA,NA,NA,NAIOWA,Diagonal,Ringgold,NA,NA,NA,NA,NA,NA,NA,NA,NA,2002,1,Diagonal,NA,NA,-94.3421793,40.8094349,NA,NA,NA,NAIOWA,Centerville,Appanoose,NA,NA,NA,NA,NA,NA,NA,NA,NA,2002,1,Centerville,NA,NA,-92.8738196,40.7290565,NA,NA,NA,NAIOWA,Brighton,Jefferson,NA,NA,NA,NA,NA,NA,NA,NA,NA,2003,1,Brighton,NA,NA,-91.8196149,41.1747394,NA,NA,NA,NAIOWA,Bonaparte,Van Buren,NA,NA,NA,NA,NA,NA,NA,NA,NA,2005,2,Bonaparte,NA,NA,-91.8032228,40.6980874,NA,NA,NA,NAIOWA,Murray,Clarke,Union,IOWA,NA,NA,NA,NA,NA,NA,NA,2006,1,Murray,NA,NA,-93.9493246,41.0417646,NA,NA,NA,NAIOWA,Northwood,Worth,NA,NA,NA,NA,NA,NA,NA,NA,NA,2006,1,Northwood,NA,NA,-93.2210371,43.4441245,NA,NA,NA,NAIOWA,Sigourney,Keokuk,NA,NA,NA,NA,NA,NA,NA,NA,NA,2010,1,Sigourney,NA,NA,-92.2046255,41.3333445,NA,NA,NA,NAIOWA,Clermont,Fayette,NA,NA,NA,NA,NA,NA,NA,NA,NA,2010,1,Clermont,NA,NA,-91.652374,43.0035912,NA,NA,NA,NAIOWA,Hopkinton/Delhi,Delaware,NA,NA,NA,NA,NA,NA,NA,NA,NA,2011,1,Hopkinton,Delhi,NA,-91.2484799,42.3438857,-91.3309789,42.4297143,NA,NAIOWA,Albia,Monroe,NA,NA,NA,NA,NA,NA,NA,NA,NA,2011,1,Albia,NA,NA,-92.811307,41.0300078,NA,NA,NA,NAIOWA,Williamson/Chariton,Lucas,NA,NA,NA,NA,NA,NA,NA,NA,NA,2011,1,Williamson,Chariton,NA,-93.2549305,41.0877764,-93.3140985,41.0199996,NA,NAKANSAS,Haven/Yoder,Reno,NA,NA,NA,NA,NA,NA,NA,NA,NA,1883,3,Haven,Yoder,NA,-97.7828272,37.8989003,-97.8683846,37.9402895,NA,NAKANSAS,Hutchinson,Reno,NA,NA,NA,NA,NA,NA,NA,NA,NA,1883,2,Hutchinson,NA,NA,-97.9297743,38.0608445,NA,NA,NA,NAKANSAS,Garnett,Anderson,NA,NA,NA,NA,NA,NA,NA,NA,NA,1903,2,Garnett,NA,NA,-95.2419192,38.2805772,NA,NA,NA,NAKANSAS,Fort Scott,Bourbon,NA,NA,NA,NA,NA,NA,NA,NA,NA,2005,1,Fort Scott,NA,NA,-94.7082951,37.8397626,NA,NA,NA,NAKANSAS,Chetopa,Labette,NA,NA,NA,NA,NA,NA,NA,NA,NA,2006,2,Chetopa,NA,NA,-95.0899613,37.0372916,NA,NA,NA,NAKANSAS,Parsons,Labette,Neosho,KANSAS,NA,NA,NA,NA,NA,NA,NA,2006,2,Parsons,NA,NA,-95.2610838,37.3403384,NA,NA,NA,NAKANSAS,Marysville/Axtell,Marshall,NA,NA,NA,NA,NA,NA,NA,NA,NA,2007,1,Marysville,Axtell,NA,-96.647242,39.8411129,-96.2588985,39.8716662,NA,NAKENTUCKY,Guthrie,Todd,NA,NA,NA,NA,NA,NA,NA,NA,NA,1958,3,Guthrie,NA,NA,-87.1663917,36.6483777,NA,NA,NA,NAKENTUCKY,Crofton,Christian,NA,NA,NA,NA,NA,NA,NA,NA,NA,1972,2,Crofton,NA,NA,-87.4850022,37.0478218,NA,NA,NA,NAKENTUCKY,Marion,Crittenden,NA,NA,NA,NA,NA,NA,NA,NA,NA,1977,4,Marion,NA,NA,-88.0811349,37.3328286,NA,NA,NA,NAKENTUCKY,Dunnville/Columbia,Adair,Casey,KENTUCKY,NA,NA,NA,NA,NA,NA,NA,1978,2,Dunnville,Columbia,NA,-85.0092909,37.1986945,-85.3063504,37.102841,NA,NAKENTUCKY,Glasgow,Barren,NA,NA,NA,NA,NA,NA,NA,NA,NA,1982,1,Glasgow,NA,NA,-85.9119215,36.9958839,NA,NA,NA,NAKENTUCKY,Park City/Smith's Grove,Barren,Warren,KENTUCKY,NA,NA,NA,NA,NA,NA,NA,1984,3,Park City,Smith's Grove,NA,-86.046367,37.0939375,-86.2077608,37.0525453,NA,NAKENTUCKY,Sonora/Upton,Hardin,NA,NA,NA,NA,NA,NA,NA,NA,NA,1986,1,Sonora,Upton,NA,-85.8930192,37.524226,-85.8932982,37.4650577,NA,NAKENTUCKY,Munfordville/Horse Cave,Grayson,Hart,KENTUCKY,NA,NA,NA,NA,NA,NA,NA,1989,14,Munfordville,Horse Cave,NA,-85.8910819,37.2722751,-85.9069175,37.179496,NA,NAKENTUCKY,Hopkinsville/Pembroke,Christian,Logan,KENTUCKY,Trigg,KENTUCKY,NA,NA,NA,NA,NA,1989,9,Hopkinsville,Pembroke,NA,-87.4886186,36.8656008,-87.3555622,36.775878,NA,NAKENTUCKY,Hardyville/Three Springs,Hart,Metcalfe,KENTUCKY,NA,NA,NA,NA,NA,NA,NA,1991,2,Hardyville,Three Springs,NA,-85.786111,37.254167,-85.7435813,37.1717218,NA,NAKENTUCKY,Sonora,Hardin,Larue,KENTUCKY,NA,NA,NA,NA,NA,NA,Swartzentruber,1991,3,Sonora,NA,NA,-85.8930192,37.524226,NA,NA,NA,NAKENTUCKY,Crab Orchard,Lincoln,Rockcastle,KENTUCKY,NA,NA,NA,NA,NA,NA,NA,1994,4,Crab Orchard,NA,NA,-84.5066044,37.4645267,NA,NA,NA,NAKENTUCKY,Hudson/Harned,Breckinridge,NA,NA,NA,NA,NA,NA,NA,NA,NA,1997,2,Hudson,Harned,NA,-86.2766403,37.6511702,-86.4135881,37.7517261,NA,NAKENTUCKY,Lewisburg,Logan,NA,NA,NA,NA,NA,NA,NA,NA,NA,1998,2,Lewisburg,NA,NA,-86.9472194,36.9864336,NA,NA,NA,NAKENTUCKY,Hillsboro,Fleming,NA,NA,NA,NA,NA,NA,NA,NA,NA,1999,2,Hillsboro,NA,NA,-83.6588043,38.293412,NA,NA,NA,NAKENTUCKY,Princeton,Caldwell,Lyons,KENTUCKY,NA,NA,NA,NA,NA,NA,NA,2001,1,Princeton,NA,NA,-87.8819594,37.1092162,NA,NA,NA,NAKENTUCKY,Fancy Farm/Mayfield,Graves,Hickman,KENTUCKY,NA,NA,NA,NA,NA,NA,NA,2001,1,Fancy Farm,Mayfield,NA,-88.7913607,36.7994279,-88.6367154,36.7417235,NA,NAKENTUCKY,Mayfield,Graves,NA,NA,NA,NA,NA,NA,NA,NA,Swartzentruber,2002,1,Mayfield,NA,NA,-88.6367154,36.7417235,NA,NA,NA,NAKENTUCKY,Cadiz,Trigg,NA,NA,NA,NA,NA,NA,NA,NA,NA,2002,1,Cadiz,NA,NA,-87.835295,36.8650496,NA,NA,NA,NAKENTUCKY,Turners Station,Carroll,Henry,KENTUCKY,NA,NA,NA,NA,NA,NA,NA,2002,1,Turners Station,NA,NA,-85.1677318,38.5556203,NA,NA,NA,NAKENTUCKY,Campbellsville/Mannsville,Taylor,NA,NA,NA,NA,NA,NA,NA,NA,NA,2004,1,Campbellsville,Mannsville,NA,-85.3419069,37.3433974,-85.196667,37.3725,NA,NAKENTUCKY,Flemingsburg/Poplar Grove,Fleming,NA,NA,NA,NA,NA,NA,NA,NA,Swiss,2004,3,Flemingsburg,Poplar Grove,NA,-83.7338076,38.4222995,-84.5037164,38.0405837,NA,NAKENTUCKY,Mays Lick,Mason,NA,NA,NA,NA,NA,NA,NA,NA,NA,2004,2,Mays Lick,NA,NA,-83.8573176,38.51766465,NA,NA,NA,NAKENTUCKY,Irvington,Breckinridge,NA,NA,NA,NA,NA,NA,NA,NA,NA,2004,1,Irvington,NA,NA,-86.2838622,37.8803429,NA,NA,NA,NAKENTUCKY,Auburn,Logan,NA,NA,NA,NA,NA,NA,NA,NA,NA,2005,1,Auburn,NA,NA,-86.7102735,36.8642088,NA,NA,NA,NAKENTUCKY,Tollesboro/Vanceburg,Lewis,NA,NA,NA,NA,NA,NA,NA,NA,NA,2005,1,Tollesboro,Vanceburg,NA,-83.576111,38.559444,-83.3187952,38.599243,NA,NAKENTUCKY,Carlisle,Nicholas,NA,NA,NA,NA,NA,NA,NA,NA,NA,2006,1,Carlisle,NA,NA,-84.027427,38.3120197,NA,NA,NA,NAKENTUCKY,Owingsville/Preston District,Bath,NA,NA,NA,NA,NA,NA,NA,NA,Swiss,2006,1,Owingsville,Preston District,NA,-83.7640847,38.1448015,-84.2700179,37.8393332,NA,NAKENTUCKY,Morgantown,Butler,NA,NA,NA,NA,NA,NA,NA,NA,NA,2010,1,Morgantown,NA,NA,-86.6835998,37.2256023,NA,NA,NA,NAKENTUCKY,Willisburg/Springfield,Washington,NA,NA,NA,NA,NA,NA,NA,NA,NA,2010,1,Willisburg,Springfield,NA,-85.126347,37.8097892,-85.2221819,37.6853413,NA,NAKENTUCKY,Owingsville/Slate Valley,Bath,NA,NA,NA,NA,NA,NA,NA,NA,Troyer,2011,1,Owingsville,Slate Valley,NA,-83.7640847,38.1448015,-83.7232502,38.1692461,NA,NAKENTUCKY,Leitchfield,Grayson,NA,NA,NA,NA,NA,NA,NA,NA,NA,2011,1,Leitchfield,NA,NA,-86.2938637,37.4800544,NA,NA,NA,NAKENTUCKY,Hawesville,Hancock,NA,NA,NA,NA,NA,NA,NA,NA,NA,2011,1,Hawesville,NA,NA,-86.754988,37.9000554,NA,NA,NA,NAKENTUCKY,Gravel Switch,Boyle,Marion,KENTUCKY,NA,NA,NA,NA,NA,NA,NA,2011,1,Gravel Switch,NA,NA,-85.052181,37.5786819,NA,NA,NA,NAKENTUCKY,Liberty,Casey,NA,NA,NA,NA,NA,NA,NA,NA,NA,2013,1,Liberty,NA,NA,-84.9393979,37.3184064,NA,NA,NA,NAKENTUCKY,Pleasureville,Henry,NA,NA,NA,NA,NA,NA,NA,NA,NA,2013,1,Pleasureville,NA,NA,-85.1152318,38.3459022,NA,NA,NA,NAMAINE,Smyrna Mills/Oakfield,Aroostook,NA,NA,NA,NA,NA,NA,NA,NA,NA,2000,1,Smyrna Mills,Oakfield,NA,-68.164192,46.1294957,-68.1589207,46.1007097,NA,NAMAINE,Fort Fairfield,Aroostook,NA,NA,NA,NA,NA,NA,NA,NA,NA,2007,1,Fort Fairfield,NA,NA,-67.8339004,46.7722294,NA,NA,NA,NAMAINE,Unity,Waldo,NA,NA,NA,NA,NA,NA,NA,NA,NA,2008,1,Unity,NA,NA,-69.3345032,44.6111643,NA,NA,NA,NAMAINE,Sherman,Aroostook,NA,NA,NA,NA,NA,NA,NA,NA,NA,2011,1,Sherman,NA,NA,-68.4178063,45.8711632,NA,NA,NA,NAMAINE,Hodgdon,Aroostook,NA,NA,NA,NA,NA,NA,NA,NA,NA,2012,1,Hodgdon,NA,NA,-67.8497605,46.0612772,NA,NA,NA,NAMARYLAND,Oakland,Garrett,NA,NA,NA,NA,NA,NA,NA,NA,NA,1850,1,Oakland,NA,NA,-77.6415503,39.19824285,NA,NA,NA,NAMARYLAND,Mechanicsville,St Marys,NA,NA,NA,NA,NA,NA,NA,NA,NA,1940,9,Mechanicsville,NA,NA,-76.7439767,38.4421648,NA,NA,NA,NAMARYLAND,Cecilton,Cecil,NA,NA,NA,NA,NA,NA,NA,NA,NA,1999,1,Cecilton,NA,NA,-75.867439,39.4040015,NA,NA,NA,NAMICHIGAN,Centreville,St. Joseph County,NA,NA,NA,NA,NA,NA,NA,NA,NA,1910,11,Centreville,NA,NA,-85.5283225,41.9233827,NA,NA,NA,NAMICHIGAN,Camden,Hillsdale,NA,NA,NA,NA,NA,NA,NA,NA,NA,1956,4,Camden,NA,NA,-84.7577335,41.7522716,NA,NA,NA,NAMICHIGAN,California Township,Branch,NA,NA,NA,NA,NA,NA,NA,NA,NA,1960,6,California Township,NA,NA,-84.8776392,41.7858529,NA,NA,NA,NAMICHIGAN,Mio,Oscoda,NA,NA,NA,NA,NA,NA,NA,NA,NA,1970,3,Mio,NA,NA,-84.1297276,44.6522362,NA,NA,NA,NAMICHIGAN,Bronson,Branch,NA,NA,NA,NA,NA,NA,NA,NA,NA,1971,1,Bronson,NA,NA,-85.1946963,41.8722716,NA,NA,NA,NAMICHIGAN,Greenville/Six Lakes,Montcalm,NA,NA,NA,NA,NA,NA,NA,NA,NA,1973,4,Greenville,Six Lakes,NA,-85.2527987,43.1775314,-85.1500254,43.4250308,NA,NAMICHIGAN,Quincy/Coldwater,Branch,Hillsdale,MICHIGAN,NA,NA,NA,NA,NA,NA,NA,1977,4,Quincy,Coldwater,NA,-84.8838525,41.9442145,-85.0005215,41.9403263,NA,NAMICHIGAN,Charlotte/Vermontville,Eaton,NA,NA,NA,NA,NA,NA,NA,NA,NA,1977,3,Charlotte,Vermontville,NA,-84.8358211,42.5636478,-85.0241621,42.6289247,NA,NAMICHIGAN,Gladwin/Beaverton,Clare,Gladwin,MICHIGAN,NA,NA,NA,NA,NA,NA,Swartzentruber,1979,3,Gladwin,Beaverton,NA,-84.4864007,43.9808549,-84.4847316,43.8822464,NA,NAMICHIGAN,Reading/Hillsdale,Branch,NA,NA,NA,NA,NA,NA,NA,NA,NA,1979,2,Reading,Hillsdale,NA,-84.7480134,41.8394928,-84.6305101,41.9200472,NA,NAMICHIGAN,Gladwin,Gladwin,NA,NA,NA,NA,NA,NA,NA,NA,NA,1980,3,Gladwin,NA,NA,-84.4864007,43.9808549,NA,NA,NA,NAMICHIGAN,Clare,Clare,Isabella,MICHIGAN,NA,NA,NA,NA,NA,NA,NA,1981,4,Clare,NA,NA,-84.7686281,43.8194703,NA,NA,NA,NAMICHIGAN,Rosebush,Isabella,NA,NA,NA,NA,NA,NA,NA,NA,NA,1981,1,Rosebush,NA,NA,-84.7677927,43.6991954,NA,NA,NA,NAMICHIGAN,Stanwood/Morley,Mecosta,NA,NA,NA,NA,NA,NA,NA,NA,NA,1982,6,Stanwood,Morley,NA,-85.4492081,43.5786366,-85.4439283,43.4908606,NA,NAMICHIGAN,Blanchard,Isabella,NA,NA,NA,NA,NA,NA,NA,NA,NA,1983,2,Blanchard,NA,NA,-85.0800256,43.5197525,NA,NA,NA,NAMICHIGAN,Marlette/Brown City,Sanilac,NA,NA,NA,NA,NA,NA,NA,NA,NA,1987,3,Marlette,Brown City,NA,-83.08022,43.3269685,-82.9896604,43.2122486,NA,NAMICHIGAN,Homer,Calhoun,NA,NA,NA,NA,NA,NA,NA,NA,NA,1989,2,Homer,NA,NA,-84.80886,42.145877,NA,NA,NA,NAMICHIGAN,Evart/Sears,Osceola,NA,NA,NA,NA,NA,NA,NA,NA,NA,1989,1,Evart,Sears,NA,-85.2580971,43.9005752,-85.1851661,43.8982225,NA,NAMICHIGAN,Fremont/Holton,Newaygo,Muskegon,MICHIGAN,Oceana,MICHIGAN,NA,NA,NA,NA,NA,1990,2,Fremont,Holton,NA,-85.9420013,43.4675173,-86.0795043,43.4133486,NA,NAMICHIGAN,Cass City/Ubly,Huron,Sanilac,MICHIGAN,Tuscola,MICHIGAN,NA,NA,NA,NA,NA,1993,4,Cass City,Ubly,NA,-83.1746693,43.6008515,-82.9316072,43.7100157,NA,NAMICHIGAN,Manton,Wexford,NA,NA,NA,NA,NA,NA,NA,NA,NA,1993,2,Manton,NA,NA,-85.3989439,44.4108396,NA,NA,NA,NAMICHIGAN,Newaygo,Newaygo,NA,NA,NA,NA,NA,NA,NA,NA,NA,1994,2,Newaygo,NA,NA,-85.8000506,43.4197429,NA,NA,NA,NAMICHIGAN,Marion,Osceola,NA,NA,NA,NA,NA,NA,NA,NA,NA,1995,1,Marion,NA,NA,-85.1469835,44.1025148,NA,NA,NA,NAMICHIGAN,Ossineke,Alpena,NA,NA,NA,NA,NA,NA,NA,NA,NA,1995,1,Ossineke,NA,NA,-83.4424736,44.9022343,NA,NA,NA,NAMICHIGAN,Osseo/Pittsford,Hillsdale,NA,NA,NA,NA,NA,NA,NA,NA,NA,1997,2,Osseo,Pittsford,NA,-84.5441112,41.8864118,-84.4764726,41.8620069,NA,NAMICHIGAN,Bloomingdale,Van Buren,NA,NA,NA,NA,NA,NA,NA,NA,NA,1998,1,Bloomingdale,NA,NA,-85.9569675,42.3828129,NA,NA,NA,NAMICHIGAN,McBain,Missaukee,NA,NA,NA,NA,NA,NA,NA,NA,NA,2000,2,McBain,NA,NA,-85.2133756,44.1936227,NA,NA,NA,NAMICHIGAN,LeRoy,Osceola,NA,NA,NA,NA,NA,NA,NA,NA,NA,2000,1,LeRoy,NA,NA,-85.4539403,44.0380689,NA,NA,NA,NAMICHIGAN,Hersey,Osceola,NA,NA,NA,NA,NA,NA,NA,NA,NA,2003,1,Hersey,NA,NA,-85.4444913,43.8486301,NA,NA,NA,NAMICHIGAN,Coldwater/Kinderhook,Branch,NA,NA,NA,NA,NA,NA,NA,NA,NA,2004,1,Coldwater,Kinderhook,NA,-85.0005215,41.9403263,-85.0052424,41.7967165,NA,NAMICHIGAN,Hastings,Barry,NA,NA,NA,NA,NA,NA,NA,NA,NA,2006,1,Hastings,NA,NA,-85.2908403,42.6458682,NA,NA,NA,NAMICHIGAN,Hale/Whittemore,Iosco,NA,NA,NA,NA,NA,NA,NA,NA,NA,2006,1,Hale,Whittemore,NA,-83.8047965,44.377972,-83.8030424,44.2336298,NA,NAMICHIGAN,Vestaburg,Gratiot,Montcalm,MICHIGAN,NA,NA,NA,NA,NA,NA,NA,2007,1,Vestaburg,NA,NA,-84.9052528,43.3989671,NA,NA,NA,NAMICHIGAN,Engadine,Mackinac,NA,NA,NA,NA,NA,NA,NA,NA,NA,2008,1,Engadine,NA,NA,-85.5712686,46.1170049,NA,NA,NA,NAMICHIGAN,North Adams,Hillsdale,NA,NA,NA,NA,NA,NA,NA,NA,NA,2010,1,North Adams,NA,NA,-84.525783,41.9708795,NA,NA,NA,NAMICHIGAN,Coral,Montcalm,NA,NA,NA,NA,NA,NA,NA,NA,NA,2011,1,Coral,NA,NA,-85.4028112,43.3628063,NA,NA,NA,NAMICHIGAN,Hawks,Presque Isle,NA,NA,NA,NA,NA,NA,NA,NA,NA,2012,1,Hawks,NA,NA,-83.8874982,45.3019565,NA,NA,NA,NAMICHIGAN,Tustin,Osceola,NA,NA,NA,NA,NA,NA,NA,NA,NA,2012,1,Tustin,NA,NA,-85.458941,44.1025116,NA,NA,NA,NAMICHIGAN,Reed City/Chase,Lake,Osceola,MICHIGAN,NA,NA,NA,NA,NA,NA,NA,2012,1,Reed City,Chase,NA,-85.5100498,43.8750174,-85.6356098,43.8891818,NA,NAMINNESOTA,Wadena,Otter Tail,Wadena,MINNESOTA,NA,NA,NA,NA,NA,NA,NA,1972,2,Wadena,NA,NA,-95.1361386,46.4424614,NA,NA,NA,NAMINNESOTA,Bertha/Hewitt,Todd,NA,NA,NA,NA,NA,NA,NA,NA,NA,1973,1,Bertha,Hewitt,NA,-95.0628047,46.2666295,-95.0866937,46.3255179,NA,NAMINNESOTA,Canton/Harmony,Fillmore,NA,NA,NA,NA,NA,NA,NA,NA,NA,1974,6,Canton,Harmony,NA,-91.9298793,43.5296886,-92.0101599,43.5552434,NA,NAMINNESOTA,Utica/St. Charles,Winona,NA,NA,NA,NA,NA,NA,NA,NA,NA,1975,3,Utica,St. Charles,NA,-91.9550729,43.9755324,-92.064194,43.9694165,NA,NAMINNESOTA,Granger/Cresco,Fillmore,NA,NA,Howard,IOWA,NA,NA,NA,NA,NA,1993,3,Granger,Cresco,NA,-92.1387756,43.5021881,-92.1140547,43.3813568,NA,NAMINNESOTA,Long Prairie/Osakis,Todd,NA,NA,NA,NA,NA,NA,NA,NA,NA,1995,2,Long Prairie,Osakis,NA,-94.8655775,45.9746867,-95.1522522,45.866908,NA,NAMINNESOTA,Clearbrook/Gonvick,Clearwater,NA,NA,NA,NA,NA,NA,NA,NA,NA,2000,1,Clearbrook,Gonvick,NA,-95.4311233,47.6919008,-95.5136248,47.7374567,NA,NAMINNESOTA,Clarissa/Browerville,Todd,NA,NA,NA,NA,NA,NA,NA,NA,NA,2001,2,Clarissa,Browerville,NA,-94.9486356,46.1302414,-94.8658555,46.0857974,NA,NAMINNESOTA,Bertha/Staples,Todd,NA,NA,NA,NA,NA,NA,NA,NA,Swartzentruber,2003,1,Bertha,Staples,NA,-95.0628047,46.2666295,-94.794844,46.3557159,NA,NAMINNESOTA,Frazee/Wolf Lake,Becker,NA,NA,NA,NA,NA,NA,NA,NA,NA,2007,2,Frazee,Wolf Lake,NA,-95.7008776,46.7280146,-95.3525318,46.8030154,NA,NAMINNESOTA,Fosston,Polk,NA,NA,NA,NA,NA,NA,NA,NA,NA,2007,1,Fosston,NA,NA,-95.7516717,47.5761382,NA,NA,NA,NAMINNESOTA,Fertile,Norman,Polk,MINNESOTA,NA,NA,NA,NA,NA,NA,NA,2007,1,Fertile,NA,NA,-96.2803328,47.5360765,NA,NA,NA,NAMINNESOTA,Eagle Bend,Todd,NA,NA,NA,NA,NA,NA,NA,NA,NA,2007,1,Eagle Bend,NA,NA,-95.0391936,46.1649632,NA,NA,NA,NAMINNESOTA,Mora,Kanabec,NA,NA,NA,NA,NA,NA,NA,NA,NA,2011,1,Mora,NA,NA,-93.2938352,45.8769031,NA,NA,NA,NAMINNESOTA,Lengby,Polk,NA,NA,NA,NA,NA,NA,NA,NA,NA,2012,1,Lengby,NA,NA,-95.636111,47.5177778,NA,NA,NA,NAMINNESOTA,Milaca,Mille Lacs,NA,NA,NA,NA,NA,NA,NA,NA,NA,2012,1,Milaca,NA,NA,-93.6544079,45.755799,NA,NA,NA,NAMISSISSIPPI,Randolph,Pontotoc,NA,NA,NA,NA,NA,NA,NA,NA,NA,1995,1,Randolph,NA,NA,-89.168402,34.1814965,NA,NA,NA,NAMISSOURI,Bowling Green/Curryville,Pike,NA,NA,NA,NA,NA,NA,NA,NA,NA,1947,3,Bowling Green,Curryville,NA,-91.1951437,39.3419891,-91.3448719,39.3455986,NA,NAMISSOURI,Jamesport,Daviess,NA,NA,NA,NA,NA,NA,NA,NA,NA,1953,8,Jamesport,NA,NA,-93.8010538,39.9747325,NA,NA,NA,NAMISSOURI,Clark/Madison,Audrain,Monroe,MISSOURI,Randolph,MISSOURI,NA,NA,NA,NA,NA,1954,10,Clark,Madison,NA,-92.3426781,39.2811499,-92.2098988,39.4736487,NA,NAMISSOURI,Anabel,Macon,NA,NA,NA,NA,NA,NA,NA,NA,NA,1957,1,Anabel,NA,NA,-92.3317951,39.745551,NA,NA,NA,NAMISSOURI,Seymour/Fordland,Webster,NA,NA,NA,NA,NA,NA,NA,NA,NA,1968,15,Seymour,Fordland,NA,-92.7687818,37.1464398,-92.940731,37.1575501,NA,NAMISSOURI,Windsor,Benton,Henry,MISSOURI,Johnson,MISSOURI,Pettis,MISSOURI,NA,NA,NA,1975,3,Windsor,NA,NA,-93.5221545,38.5322401,NA,NA,NA,NAMISSOURI,LaPlata,Adair,Macon,MISSOURI,NA,NA,NA,NA,NA,NA,NA,1976,4,LaPlata,NA,NA,-92.4915779,40.0233687,NA,NA,NA,NAMISSOURI,Dixon,Pulaski,NA,NA,NA,NA,NA,NA,NA,NA,NA,1980,1,Dixon,NA,NA,-92.0937783,37.9917061,NA,NA,NA,NAMISSOURI,Kahoka,Clark,NA,NA,NA,NA,NA,NA,NA,NA,NA,1985,1,Kahoka,NA,NA,-91.7196088,40.4203184,NA,NA,NA,NAMISSOURI,Canton,Lewis,NA,NA,NA,NA,NA,NA,NA,NA,NA,1986,3,Canton,NA,NA,-91.57382985,40.1278003,NA,NA,NA,NAMISSOURI,Humansville/Dunnegan,Polk,NA,NA,NA,NA,NA,NA,NA,NA,NA,1987,1,Humansville,Dunnegan,NA,-93.5779815,37.7944806,-93.5772969,37.7082196,NA,NAMISSOURI,Carrollton/Bogard,Carroll,NA,NA,NA,NA,NA,NA,NA,NA,NA,1990,2,Carrollton,Bogard,NA,-93.4957675,39.3583539,-93.5235459,39.4575206,NA,NAMISSOURI,Verona,Lawrence,NA,NA,NA,NA,NA,NA,NA,NA,NA,1990,2,Verona,NA,NA,-93.7957591,36.9639476,NA,NA,NA,NAMISSOURI,Mt. Vernon,Lawrence,NA,NA,NA,NA,NA,NA,NA,NA,NA,1995,1,Mt. Vernon,NA,NA,-93.8185401,37.1036665,NA,NA,NA,NAMISSOURI,Spickard/Princeton,Grundy,NA,NA,NA,NA,NA,NA,NA,NA,Swartzentruber,1997,3,Spickard,Princeton,NA,-93.5943878,40.2439002,-93.5804988,40.4008426,NA,NAMISSOURI,Mountain Grove,Wright,NA,NA,NA,NA,NA,NA,NA,NA,NA,1998,1,Mountain Grove,NA,NA,-92.2634942,37.1306078,NA,NA,NA,NAMISSOURI,Bethany,Harrison,NA,NA,NA,NA,NA,NA,NA,NA,NA,1999,1,Bethany,NA,NA,-94.0282861,40.2683344,NA,NA,NA,NAMISSOURI,Stanberry/Ravenwood,Gentry,NA,NA,NA,NA,NA,NA,NA,NA,NA,2000,3,Stanberry,Ravenwood,NA,-94.5382939,40.217771,-94.6738541,40.3522127,NA,NAMISSOURI,Unionville,Putnam,NA,NA,NA,NA,NA,NA,NA,NA,NA,2000,1,Unionville,NA,NA,-93.0032614,40.4769606,NA,NA,NA,NAMISSOURI,Harwood/Nevada,Vernon,NA,NA,NA,NA,NA,NA,NA,NA,NA,2000,1,Harwood,Nevada,NA,-94.1543896,37.9561449,-94.3546719,37.8392052,NA,NAMISSOURI,Lamar,Barton,NA,NA,NA,NA,NA,NA,NA,NA,NA,2002,2,Lamar,NA,NA,-94.2766148,37.4950478,NA,NA,NA,NAMISSOURI,Osceola,St. Clair,NA,NA,NA,NA,NA,NA,NA,NA,NA,2002,2,Osceola,NA,NA,-93.7043764,38.0466967,NA,NA,NA,NAMISSOURI,Prairie Home/Boonville,Cooper,NA,NA,NA,NA,NA,NA,NA,NA,NA,2003,2,Prairie Home,Boonville,NA,-92.5904668,38.8130847,-92.7432418,38.9736392,NA,NAMISSOURI,Greentop/Queen City,Schuyler,NA,NA,NA,NA,NA,NA,NA,NA,NA,2003,2,Greentop,Queen City,NA,-92.5690817,40.3469749,-92.5676916,40.4091966,NA,NAMISSOURI,El Dorado Springs,Cedar,NA,NA,NA,NA,NA,NA,NA,NA,NA,2004,1,El Dorado Springs,NA,NA,-94.0213303,37.8769799,NA,NA,NA,NAMISSOURI,Mercer,Mercer,Decatur,IOWA,NA,NA,NA,NA,NA,NA,NA,2005,1,Mercer,NA,NA,-93.5321644,40.5113975,NA,NA,NA,NAMISSOURI,Hartshorn/Summersville,Shannon,NA,NA,NA,NA,NA,NA,NA,NA,NA,2006,1,Hartshorn,Summersville,NA,-91.6705792,37.264861,-91.6568107,37.1792159,NA,NAMISSOURI,Keytesville,Chariton,NA,NA,NA,NA,NA,NA,NA,NA,NA,2007,1,Keytesville,NA,NA,-92.9382485,39.4344706,NA,NA,NA,NAMISSOURI,Bolivar/Flemington,Hickory,Polk,MISSOURI,NA,NA,NA,NA,NA,NA,NA,2007,1,Bolivar,Flemington,NA,-93.4104749,37.6144838,-93.5013125,37.8047581,NA,NAMISSOURI,Princeton/Modena,Mercer,NA,NA,NA,NA,NA,NA,NA,NA,NA,2007,2,Princeton,Modena,NA,-93.5804988,40.4008426,-93.680336,40.301243,NA,NAMISSOURI,Monroe City,Monroe,NA,NA,NA,NA,NA,NA,NA,NA,NA,2008,1,Monroe City,NA,NA,-91.7346056,39.6536529,NA,NA,NA,NAMISSOURI,Downing,Schuyler,NA,NA,NA,NA,NA,NA,NA,NA,NA,2008,1,Downing,NA,NA,-92.3693524,40.4875319,NA,NA,NA,NAMISSOURI,Ethel/New Cambria,Macon,NA,NA,NA,NA,NA,NA,NA,NA,NA,2009,1,Ethel,New Cambria,NA,-92.7379717,39.8947519,-92.7504708,39.7753068,NA,NAMISSOURI,Licking,Texas,NA,NA,NA,NA,NA,NA,NA,NA,NA,2009,1,Licking,NA,NA,-91.8570984,37.4994884,NA,NA,NA,NAMISSOURI,Kirksville/Gibbs,Adair,NA,NA,NA,NA,NA,NA,NA,NA,NA,2010,1,Kirksville,Gibbs,NA,-92.5832496,40.1947539,-92.4168552,40.0978136,NA,NAMISSOURI,El Dorado Springs,Cedar,NA,NA,NA,NA,NA,NA,NA,NA,Swartzentruber,2010,1,El Dorado Springs,NA,NA,-94.0213303,37.8769799,NA,NA,NA,NAMISSOURI,Hamilton,Caldwell,NA,NA,NA,NA,NA,NA,NA,NA,NA,2011,1,Hamilton,NA,NA,-93.9982743,39.7436184,NA,NA,NA,NAMISSOURI,Rocky Comfort,McDonald,NA,NA,NA,NA,NA,NA,NA,NA,NA,2012,1,Rocky Comfort,NA,NA,-94.090556,36.746389,NA,NA,NA,NAMONTANA,Rexford,Lincoln,NA,NA,NA,NA,NA,NA,NA,NA,NA,1974,1,Rexford,NA,NA,-115.1721154,48.899408,NA,NA,NA,NAMONTANA,St. Ignatius,Lake,NA,NA,NA,NA,NA,NA,NA,NA,NA,1997,2,St. Ignatius,NA,NA,-114.0939979,47.3199306,NA,NA,NA,NAMONTANA,Ashland/Forsyth,Rosebud,NA,NA,NA,NA,NA,NA,NA,NA,NA,1997,1,Ashland,Forsyth,NA,-106.286389,45.6075,-106.6819793,46.2630502,NA,NAMONTANA,Moore/Lewistown,Fergus,NA,NA,NA,NA,NA,NA,NA,NA,NA,2008,1,Moore,Lewistown,NA,-109.6968536,46.975523,-109.428238,47.0624732,NA,NANEBRASKA,Verdigre,Knox,NA,NA,NA,NA,NA,NA,NA,NA,NA,2003,1,Verdigre,NA,NA,-98.0336814,42.5969469,NA,NA,NA,NANEBRASKA,Ewing/Orchard,Holt,NA,NA,NA,NA,NA,NA,NA,NA,NA,2005,1,Ewing,Orchard,NA,-98.3470211,42.2572278,-98.242852,42.3355602,NA,NANEBRASKA,Pawnee City,Pawnee,NA,NA,NA,NA,NA,NA,NA,NA,NA,2007,1,Pawnee City,NA,NA,-96.1583402,40.1127779,NA,NA,NA,NANEBRASKA,Verdigre,Knox,NA,NA,NA,NA,NA,NA,NA,NA,Swartzentruber,2010,1,Verdigre,NA,NA,-98.0336814,42.5969469,NA,NA,NA,NANEW YORK,Conewango Valley,Cattaraugus,NA,NA,NA,NA,NA,NA,NA,NA,NA,1949,15,Conewango Valley,NA,NA,-79.0608745,42.2408935,NA,NA,NA,NANEW YORK,Norfolk/Norwood,St Lawrence,NA,NA,NA,NA,NA,NA,NA,NA,NA,1974,1,Norfolk,Norwood,NA,-74.9910336,44.8008872,-74.9943641,44.7514452,NA,NANEW YORK,Heuvelton,St Lawrence,NA,NA,NA,NA,NA,NA,NA,NA,NA,1975,12,Heuvelton,NA,NA,-75.4071638,44.6181174,NA,NA,NA,NANEW YORK,Dewittville/Mayville,Chautauqua,NA,NA,NA,NA,NA,NA,NA,NA,NA,1976,2,Dewittville,Mayville,NA,-79.4453246,42.2392247,-79.5044913,42.2539469,NA,NANEW YORK,Cylmer/Panama,Chautauqua,NA,NA,NA,NA,NA,NA,NA,NA,NA,1976,8,Cylmer,Panama,NA,-79.6299617,42.0208501,-79.4831049,42.0750562,NA,NANEW YORK,Prattsburgh,Steuben,NA,NA,NA,NA,NA,NA,NA,NA,NA,1979,1,Prattsburgh,NA,NA,-77.2890644,42.5236449,NA,NA,NA,NANEW YORK,Romulus/Ovid,Seneca,NA,NA,NA,NA,NA,NA,NA,NA,NA,1981,4,Romulus,Ovid,NA,-76.834038,42.7525461,-76.8230111,42.6764593,NA,NANEW YORK,Friendship/Belfast,Allegany,NA,NA,NA,NA,NA,NA,NA,NA,NA,1982,2,Friendship,Belfast,NA,-78.1375099,42.2064566,-78.1124127,42.3422691,NA,NANEW YORK,Woodhull/Jasper,Steuben,NA,NA,NA,NA,NA,NA,NA,NA,NA,1983,7,Woodhull,Jasper,NA,-77.4085938,42.0803496,-77.503056,42.1225,NA,NANEW YORK,Fort Plain/Fonda,Montgomery,NA,NA,NA,NA,NA,NA,NA,NA,NA,1986,5,Fort Plain,Fonda,NA,-74.6226425,42.9314616,-74.3765241,42.9545179,NA,NANEW YORK,Fillmore,Allegany,Wyoming,NEW YORK,NA,NA,NA,NA,NA,NA,NA,1988,4,Fillmore,NA,NA,-78.115008,42.4661754,NA,NA,NA,NANEW YORK,Addison,Steuben,NA,NA,NA,NA,NA,NA,NA,NA,NA,1990,2,Addison,NA,NA,-77.2335879,42.1028514,NA,NA,NA,NANEW YORK,Clyde,Seneca,Wayne,NEW YORK,NA,NA,NA,NA,NA,NA,NA,1997,3,Clyde,NA,NA,-76.8694049,43.0842314,NA,NA,NA,NANEW YORK,Lyndonville/Medina,Orleans,NA,NA,NA,NA,NA,NA,NA,NA,NA,1998,2,Lyndonville,Medina,NA,-78.3889138,43.3267241,-78.3869685,43.2200583,NA,NANEW YORK,Lowville,Lewis,NA,NA,NA,NA,NA,NA,NA,NA,NA,1999,2,Lowville,NA,NA,-75.4918505,43.786736,NA,NA,NA,NANEW YORK,Richfield Springs,Herkimer,Otsego,NEW YORK,NA,NA,NA,NA,NA,NA,NA,2000,2,Richfield Springs,NA,NA,-74.9854335,42.8534057,NA,NA,NA,NANEW YORK,Malone/Burke,Franklin,NA,NA,NA,NA,NA,NA,NA,NA,NA,2002,1,Malone,Burke,NA,-74.2948983,44.8486596,-74.1693397,44.9047681,NA,NANEW YORK,South Columbia Township,Herkimer,NA,NA,NA,NA,NA,NA,NA,NA,NA,2002,1,South Columbia Township,NA,NA,-76.8490328,41.8519877,NA,NA,NA,NANEW YORK,Summer Hill,Cayuga,NA,NA,NA,NA,NA,NA,NA,NA,NA,2003,1,Summer Hill,NA,NA,-76.325278,42.639167,NA,NA,NA,NANEW YORK,Little Falls,Herkimer,NA,NA,NA,NA,NA,NA,NA,NA,NA,2004,1,Little Falls,NA,NA,-74.8595957,43.0434039,NA,NA,NA,NANEW YORK,Nicholville/Potsdam,Franklin,St. Lawrence,NEW YORK,NA,NA,NA,NA,NA,NA,NA,2004,2,Nicholville,Potsdam,NA,-74.6593512,44.6972791,-74.9813084,44.6697805,NA,NANEW YORK,Fultonville/Glen,Montgomery,NA,NA,NA,NA,NA,NA,NA,NA,NA,2005,2,Fultonville,Glen,NA,-74.3704128,42.9478514,-74.3445781,42.8942407,NA,NANEW YORK,LaFargeville,Jefferson,NA,NA,NA,NA,NA,NA,NA,NA,NA,2005,2,LaFargeville,NA,NA,-75.816526,44.2124044,NA,NA,NA,NANEW YORK,Williamstown/Pulaski,Oswego,NA,NA,NA,NA,NA,NA,NA,NA,NA,2006,2,Williamstown,Pulaski,NA,-75.89,43.423889,-76.1277027,43.5670136,NA,NANEW YORK,Georgetown/Eaton,Madison,NA,NA,NA,NA,NA,NA,NA,NA,NA,2006,1,Georgetown,Eaton,NA,-75.7365767,42.7684005,-75.6118484,42.8497907,NA,NANEW YORK,Mohawk Valley/Fort Plain,Montgomery,NA,NA,NA,NA,NA,NA,NA,NA,NA,2006,3,Mohawk Valley,Fort Plain,NA,-74.02874,42.86813,-74.6226425,42.9314616,NA,NANEW YORK,Little Valley/East,Cattaraugus,NA,NA,NA,NA,NA,NA,NA,NA,NA,2006,1,Little Valley,East,NA,-78.8055896,42.2525629,-73.8830701,40.6568312,NA,NANEW YORK,Canastota,Madison,NA,NA,NA,NA,NA,NA,NA,NA,NA,2006,1,Canastota,NA,NA,-75.7507413,43.0795121,NA,NA,NA,NANEW YORK,Poland,Herkimer,Oneida,NEW YORK,NA,NA,NA,NA,NA,NA,Swartzentruber,2007,1,Poland,NA,NA,-75.0612709,43.2256247,NA,NA,NA,NANEW YORK,Lyons,Wayne,NA,NA,NA,NA,NA,NA,NA,NA,NA,2009,1,Lyons,NA,NA,-76.9902456,43.0642305,NA,NA,NA,NANEW YORK,Bombay,Franklin,NA,NA,NA,NA,NA,NA,NA,NA,NA,2009,1,Bombay,NA,NA,-74.5676876,44.9389348,NA,NA,NA,NANEW YORK,Angelica,Allegany,NA,NA,NA,NA,NA,NA,NA,NA,NA,2009,2,Angelica,NA,NA,-78.0158388,42.3067345,NA,NA,NA,NANEW YORK,Franklinville,Cattaraugus,NA,NA,NA,NA,NA,NA,NA,NA,NA,2009,1,Franklinville,NA,NA,-78.4580761,42.3370091,NA,NA,NA,NANEW YORK,Camden/Westdale,Oneida,NA,NA,NA,NA,NA,NA,NA,NA,NA,2010,1,Camden,Westdale,NA,-75.747964,43.3345138,-75.8151893,43.3878475,NA,NANEW YORK,North Rose,Wayne,NA,NA,NA,NA,NA,NA,NA,NA,NA,2010,1,North Rose,NA,NA,-76.8924065,43.1849867,NA,NA,NA,NANEW YORK,Oriskany Falls/Augusta,Madison,Oneida,NEW YORK,NA,NA,NA,NA,NA,NA,NA,2010,1,Oriskany Falls,Augusta,NA,-75.4610076,42.9392363,-75.5012871,42.9747916,NA,NANEW YORK,Marathon,Cortland,NA,NA,NA,NA,NA,NA,NA,NA,NA,2010,2,Marathon,NA,NA,-76.0321474,42.441739,NA,NA,NA,NANEW YORK,Mount Morris,Livingston,NA,NA,NA,NA,NA,NA,NA,NA,NA,2010,1,Mount Morris,NA,NA,-77.8741694,42.7256184,NA,NA,NA,NANEW YORK,New Berlin,Chenango,Otsego,NEW YORK,NA,NA,NA,NA,NA,NA,NA,2010,2,New Berlin,NA,NA,-75.33156,42.6242404,NA,NA,NA,NANEW YORK,Springwater/Dansville,Livingston,NA,NA,NA,NA,NA,NA,NA,NA,NA,2010,1,Springwater,Dansville,NA,-77.5960019,42.6373008,-77.696106,42.5608999,NA,NANEW YORK,Mayville,Chautauqua,NA,NA,NA,NA,NA,NA,NA,NA,NA,2011,1,Mayville,NA,NA,-79.5044913,42.2539469,NA,NA,NA,NANEW YORK,Ellenburg Center,Clinton,NA,NA,NA,NA,NA,NA,NA,NA,NA,2011,1,Ellenburg Center,NA,NA,-73.8970925,44.864764,NA,NA,NA,NANEW YORK,Remsen/Rome/Holland Patent,Oneida,NA,NA,NA,NA,NA,NA,NA,NA,NA,2011,1,Remsen,Rome,Holland Patent,-75.1868317,43.3270136,-75.4557303,43.2128473,-75.2568337,43.2417364NEW YORK,Delevan,Cattaraugus,NA,NA,NA,NA,NA,NA,NA,NA,Swartzentruber,2011,1,Delevan,NA,NA,-78.4808534,42.4892295,NA,NA,NA,NANEW YORK,Frewsburg,Chautauqua,NA,NA,NA,NA,NA,NA,NA,NA,NA,2011,1,Frewsburg,NA,NA,-79.1581019,42.0545029,NA,NA,NA,NANEW YORK,Philadelphia,Jefferson,NA,NA,NA,NA,NA,NA,NA,NA,NA,2012,1,Philadelphia,NA,NA,-75.7088238,44.1545045,NA,NA,NA,NANEW YORK,Lee Center/Ava,Oneida,NA,NA,NA,NA,NA,NA,NA,NA,NA,2012,1,Lee Center,Ava,NA,-75.5179555,43.3034028,-75.4793436,43.4189585,NA,NANEW YORK,Pulteney/Hammondsport,Steuben,NA,NA,NA,NA,NA,NA,NA,NA,NA,2012,1,Pulteney,Hammondsport,NA,-77.167196,42.5250703,-77.2235873,42.4078495,NA,NANEW YORK,Wellsville,Alleghany,NA,NA,NA,NA,NA,NA,NA,NA,NA,2013,1,Wellsville,NA,NA,-77.9480575,42.1220124,NA,NA,NA,NANEW YORK,Lyons,Wayne,NA,NA,NA,NA,NA,NA,NA,NA,Troyer,2013,1,Lyons,NA,NA,-76.9902456,43.0642305,NA,NA,NA,NANORTH CAROLINA,Union Grove,Iredell,Yadkin,NORTH CAROLINA,NA,NA,NA,NA,NA,NA,NA,1985,1,Union Grove,NA,NA,-80.8644667,36.0234316,NA,NA,NA,NAOHIO,Greater Holmes,Coshocton,Holmes,OHIO,Stark,OHIO,Tuscarawas,OHIO,Wayne,OHIO,NA,1808,238,Greater Holmes,NA,NA,-81.909826,40.5540928,NA,NA,NA,NAOHIO,Greater Geauga,Ashtabula,Geauga,OHIO,Portage,OHIO,Trumbull,OHIO,NA,NA,NA,1886,105,Greater Geauga,NA,NA,-81.2078164,41.4641521,NA,NA,NA,NAOHIO,Hicksville,Defiance,NA,NA,NA,NA,NA,NA,NA,NA,NA,1914,1,Hicksville,NA,NA,-84.7619032,41.293106,NA,NA,NA,NAOHIO,Lodi/Homerville,Ashland,Medina,OHIO,Wayne,OHIO,NA,NA,NA,NA,NA,1952,14,Lodi,Homerville,NA,-82.0120908,41.0333889,-82.1262175,41.0272388,NA,NAOHIO,Kenton/Mt. Victory,Hardin,Marion,OHIO,NA,NA,NA,NA,NA,NA,NA,1953,8,Kenton,Mt. Victory,NA,-83.6096516,40.6469982,-83.5204822,40.5344995,NA,NAOHIO,Ashland/Shiloh,Ashland,Huron,OHIO,Richland,OHIO,NA,NA,NA,NA,NA,1954,6,Ashland,Shiloh,NA,-82.3182178,40.8686675,-83.4145024,40.3926955,NA,NAOHIO,Lakeville/Big Prairie,Holmes,NA,NA,NA,NA,NA,NA,NA,NA,NA,1962,3,Lakeville,Big Prairie,NA,-82.1270979,40.656171,-82.0951519,40.6672818,NA,NAOHIO,Danville/Butler,Knox,Richland,OHIO,NA,NA,NA,NA,NA,NA,NA,1964,5,Danville,Butler,NA,-82.2601584,40.4475643,-82.4248862,40.5883933,NA,NAOHIO,Peoli/Port Washington,Guernsey,Tuscarawas,OHIO,NA,NA,NA,NA,NA,NA,Swartzentruber,1969,3,Peoli,Port Washington,NA,-81.437172,40.224689,-81.5206731,40.328124,NA,NAOHIO,Fredericktown/Bellville,Knox,Morrow,OHIO,Richland,OHIO,NA,NA,NA,NA,NA,1972,11,Fredericktown,Bellville,NA,-82.5407213,40.4811721,-82.5107222,40.6200588,NA,NAOHIO,Belle Center,Logan,NA,NA,NA,NA,NA,NA,NA,NA,NA,1974,3,Belle Center,NA,NA,-83.7479894,40.506718,NA,NA,NA,NAOHIO,Kinsman,Trumbull,Mercer,PENNSYLVANIA,NA,NA,NA,NA,NA,NA,NA,1975,1,Kinsman,NA,NA,-80.5882911,41.4444225,NA,NA,NA,NAOHIO,West Union,Adams,NA,NA,NA,NA,NA,NA,NA,NA,NA,1976,4,West Union,NA,NA,-83.5451934,38.7945166,NA,NA,NA,NAOHIO,Chesterhill/Stockport,Morgan,NA,NA,NA,NA,NA,NA,NA,NA,NA,1978,1,Chesterhill,Stockport,NA,-81.8659707,39.4884055,-81.7929122,39.5484057,NA,NAOHIO,Carrollton,Carroll,NA,NA,NA,NA,NA,NA,NA,NA,NA,1982,4,Carrollton,NA,NA,-81.0856532,40.5728403,NA,NA,NA,NAOHIO,Lewisville,Monroe,NA,NA,NA,NA,NA,NA,NA,NA,NA,1987,6,Lewisville,NA,NA,-81.2184446,39.7653501,NA,NA,NA,NAOHIO,Utica/Gambier,Knox,Licking,OHIO,NA,NA,NA,NA,NA,NA,NA,1987,4,Utica,Gambier,NA,-91.310561,39.4390672,-82.3971038,40.3756194,NA,NAOHIO,Laurelville/Kingston,Hocking,Pickaway,OHIO,NA,NA,NA,NA,NA,NA,NA,1988,1,Laurelville,Kingston,NA,-82.7393363,39.473397,-82.9107333,39.4739514,NA,NAOHIO,Bremen,Fairfield,NA,NA,NA,NA,NA,NA,NA,NA,NA,1989,1,Bremen,NA,NA,-82.4268216,39.7017328,NA,NA,NA,NAOHIO,Brinkhaven/Danville,Holmes,Knox,OHIO,NA,NA,NA,NA,NA,NA,NA,1990,4,Brinkhaven,Danville,NA,-82.191944,40.468333,-82.2601584,40.4475643,NA,NAOHIO,Walhonding/Warsaw,Coshocton,Knox,OHIO,NA,NA,NA,NA,NA,NA,NA,1990,1,Walhonding,Warsaw,NA,-82.146995,40.3594397,-82.006807,40.3353465,NA,NAOHIO,Loudonville/McKay,Ashland,NA,NA,NA,NA,NA,NA,NA,NA,NA,1991,1,Loudonville,McKay,NA,-82.2332144,40.6353382,-82.2429365,40.7058921,NA,NAOHIO,Dorset/Cherry Valley,Ashtabula,NA,NA,NA,NA,NA,NA,NA,NA,NA,1991,2,Dorset,Cherry Valley,NA,-80.667301,41.6803328,-80.6673008,41.6067216,NA,NAOHIO,Salesville/Quaker City,Guernsey,NA,NA,NA,NA,NA,NA,NA,NA,NA,1991,2,Salesville,Quaker City,NA,-81.3367812,39.9734042,-81.2992797,39.9700707,NA,NAOHIO,Andover,Ashtabula,NA,NA,NA,NA,NA,NA,NA,NA,NA,1992,2,Andover,NA,NA,-80.572296,41.6067211,NA,NA,NA,NAOHIO,Barnesville,Belmont,Monroe,OHIO,NA,NA,NA,NA,NA,NA,NA,1993,2,Barnesville,NA,NA,-81.1764961,39.9881261,NA,NA,NA,NAOHIO,Gallipolis,Gallia,NA,NA,NA,NA,NA,NA,NA,NA,NA,1993,5,Gallipolis,NA,NA,-82.2023691,38.809803,NA,NA,NA,NAOHIO,Glenmont/Brinkhaven,Coshocton,Holmes,OHIO,NA,NA,NA,NA,NA,NA,NA,1994,2,Glenmont,Brinkhaven,NA,-82.0973748,40.5200635,-82.191944,40.468333,NA,NAOHIO,Pierpont/Conneaut,Ashtabula,Crawford,PENNSYLVANIA,NA,NA,NA,NA,NA,NA,NA,1994,5,Pierpont,Conneaut,NA,-80.568333,41.749167,-80.5542409,41.9475551,NA,NAOHIO,De Graff,Logan,NA,NA,NA,NA,NA,NA,NA,NA,NA,1994,3,De Graff,NA,NA,-83.9157704,40.3119964,NA,NA,NA,NAOHIO,Beaver,Pike,NA,NA,NA,NA,NA,NA,NA,NA,NA,1994,2,Beaver,NA,NA,-82.8243382,39.0306272,NA,NA,NA,NAOHIO,Adamsville,Muskingum,NA,NA,NA,NA,NA,NA,NA,NA,NA,1997,2,Adamsville,NA,NA,-81.8823542,40.0697925,NA,NA,NA,NAOHIO,Williamsfield,Ashtabula,NA,NA,NA,NA,NA,NA,NA,NA,NA,1997,1,Williamsfield,NA,NA,-80.570556,41.533333,NA,NA,NA,NAOHIO,Middlebourne,Guernsey,NA,NA,NA,NA,NA,NA,NA,NA,NA,1998,2,Middlebourne,NA,NA,-80.9037181,39.4922999,NA,NA,NA,NAOHIO,Howard/East Knox,Knox,NA,NA,NA,NA,NA,NA,NA,NA,NA,2000,3,Howard,East Knox,NA,-82.3263709,40.4077183,-82.2857055,39.2661831,NA,NAOHIO,Oak Hill,Jackson,NA,NA,NA,NA,NA,NA,NA,NA,NA,2001,2,Oak Hill,NA,NA,-82.573495,38.8939645,NA,NA,NA,NAOHIO,Scio,Harrison,NA,NA,NA,NA,NA,NA,NA,NA,NA,2001,2,Scio,NA,NA,-81.0848211,40.3958988,NA,NA,NA,NAOHIO,Piedmont,Belmont,Harrison,OHIO,NA,NA,NA,NA,NA,NA,NA,2001,1,Piedmont,NA,NA,-81.1964948,40.1884013,NA,NA,NA,NAOHIO,McArthur,Vinton,NA,NA,NA,NA,NA,NA,NA,NA,NA,2003,1,McArthur,NA,NA,-82.4784898,39.2464596,NA,NA,NA,NAOHIO,Vinton,Gallia,Vinton,OHIO,NA,NA,NA,NA,NA,NA,NA,2004,1,Vinton,NA,NA,-82.3415421,38.9764655,NA,NA,NA,NAOHIO,Kilgore,Carroll,NA,NA,NA,NA,NA,NA,NA,NA,NA,2005,2,Kilgore,NA,NA,-81.0017605,40.4642311,NA,NA,NA,NAOHIO,Hillsboro/Leesburg,Highland,NA,NA,NA,NA,NA,NA,NA,NA,NA,2006,2,Hillsboro,Leesburg,NA,-83.611587,39.2022866,-83.5529748,39.3450634,NA,NAOHIO,Somerset/Glenford,Perry,NA,NA,NA,NA,NA,NA,NA,NA,NA,2006,1,Somerset,Glenford,NA,-82.2970941,39.8070121,-82.317094,39.8881223,NA,NAOHIO,Peeples/Hillsboro,Adams,Highland,OHIO,NA,NA,NA,NA,NA,NA,NA,2006,1,Peeples,Hillsboro,NA,-82.9990408,39.9538286,-83.611587,39.2022866,NA,NAOHIO,Pomeroy,Meigs,NA,NA,NA,NA,NA,NA,NA,NA,NA,2006,1,Pomeroy,NA,NA,-82.033752,39.0275781,NA,NA,NA,NAOHIO,Freeport,Harrison,NA,NA,NA,NA,NA,NA,NA,NA,NA,2006,1,Freeport,NA,NA,-81.2662196,40.2106234,NA,NA,NA,NAOHIO,Newcomerstown,Tuscarawas,NA,NA,NA,NA,NA,NA,NA,NA,NA,2007,1,Newcomerstown,NA,NA,-81.6059541,40.2722922,NA,NA,NA,NAOHIO,Londonderry,Ross,Vinton,OHIO,NA,NA,NA,NA,NA,NA,NA,2007,1,Londonderry,NA,NA,-82.04519425,39.71072895,NA,NA,NA,NAOHIO,Frazeysburg,Muskingum,NA,NA,NA,NA,NA,NA,NA,NA,NA,2007,1,Frazeysburg,NA,NA,-82.1193076,40.1172905,NA,NA,NA,NAOHIO,Pleasant City,Guernsey,Noble,OHIO,NA,NA,NA,NA,NA,NA,NA,2007,1,Pleasant City,NA,NA,-81.5454007,39.9036834,NA,NA,NA,NAOHIO,Cherry Valley,Ashtabula,NA,NA,NA,NA,NA,NA,NA,NA,NA,2010,1,Cherry Valley,NA,NA,-80.6673008,41.6067216,NA,NA,NA,NAOHIO,Marshall/Hillsboro,Highland,NA,NA,NA,NA,NA,NA,NA,NA,NA,2010,1,Marshall,Hillsboro,NA,-83.485,39.151944,-83.611587,39.2022866,NA,NAOHIO,Rogers,Columbiana,NA,NA,NA,NA,NA,NA,NA,NA,NA,2010,1,Rogers,NA,NA,-80.6261832,40.7914504,NA,NA,NA,NAOHIO,Jefferson,Ashtabula,NA,NA,NA,NA,NA,NA,NA,NA,NA,2011,1,Jefferson,NA,NA,-80.7698066,41.7386662,NA,NA,NA,NAOKLAHOMA,Chouteau/Inola,Mayes,Rogers,OKLAHOMA,NA,NA,NA,NA,NA,NA,NA,1910,4,Chouteau,Inola,NA,-95.3430239,36.1859301,-95.5094195,36.1512097,NA,NAOKLAHOMA,Clarita/Coalgate,Coal,NA,NA,NA,NA,NA,NA,NA,NA,NA,1978,1,Clarita,Coalgate,NA,-96.4333338,34.4828698,-96.2186092,34.5381481,NA,NAOKLAHOMA,Welch,Craig,NA,NA,NA,NA,NA,NA,NA,NA,NA,2010,1,Welch,NA,NA,-95.0957968,36.8736854,NA,NA,NA,NAOKLAHOMA,Westville,Adair,NA,NA,NA,NA,NA,NA,NA,NA,NA,2012,1,Westville,NA,NA,-94.5679988,35.9925829,NA,NA,NA,NAONTARIO,Milverton/Millbank,Perth,Waterloo,ONTARIO,NA,NA,NA,NA,NA,NA,NA,1824,9,Milverton,Millbank,NA,-80.922098,43.5658,-80.834595,43.5695904,NA,NAONTARIO,Aylmer,Elgin,NA,NA,NA,NA,NA,NA,NA,NA,NA,1953,3,Aylmer,NA,NA,-80.9828842,42.7729381,NA,NA,NA,NAONTARIO,Norwich,Oxford,NA,NA,NA,NA,NA,NA,NA,NA,NA,1954,4,Norwich,NA,NA,-80.5974658,42.9876575,NA,NA,NA,NAONTARIO,Chesley,Grey,NA,NA,NA,NA,NA,NA,NA,NA,Swartzentruber,1954,3,Chesley,NA,NA,-81.0967116,44.3027577,NA,NA,NA,NAONTARIO,Lakeside/St. Mary’s,Oxford,NA,NA,NA,NA,NA,NA,NA,NA,NA,1958,1,Lakeside,St. Mary’s,NA,-81.0246316,43.2008821,-81.140653,43.2595868,NA,NAONTARIO,Mossley,Middlesex,NA,NA,NA,NA,NA,NA,NA,NA,NA,1962,2,Mossley,NA,NA,-81.011828,42.946187,NA,NA,NA,NAONTARIO,Lucknow,Bruce,Huron,ONTARIO,NA,NA,NA,NA,NA,NA,NA,1973,5,Lucknow,NA,NA,-81.5130095,43.9633993,NA,NA,NA,NAONTARIO,Chesley,Bruce,Grey,ONTARIO,NA,NA,NA,NA,NA,NA,NA,1979,1,Chesley,NA,NA,-81.0967116,44.3027577,NA,NA,NA,NAONTARIO,Kincardine/Tiverton,Bruce,NA,NA,NA,NA,NA,NA,NA,NA,NA,1995,2,Kincardine,Tiverton,NA,-81.6365715,44.1752954,-81.5433231,44.2676578,NA,NAONTARIO,Clifford/Harriston,Perth,Wellington,ONTARIO,NA,NA,NA,NA,NA,NA,NA,1998,1,Clifford,Harriston,NA,-80.978719,43.969316,-80.8715152,43.9134584,NA,NAONTARIO,Cameron/Lindsay,Victoria,NA,NA,NA,NA,NA,NA,NA,NA,NA,1998,1,Cameron,Lindsay,NA,-78.775093,44.438474,-78.7407542,44.3565742,NA,NAONTARIO,Powassan,Parry Sound,NA,NA,NA,NA,NA,NA,NA,NA,NA,2001,1,Powassan,NA,NA,-79.368324,46.0807239,NA,NA,NA,NAONTARIO,Stirling/Belleville,Hastings,NA,NA,NA,NA,NA,NA,NA,NA,NA,2005,1,Stirling,Belleville,NA,-77.5474909,44.296135,-77.3832315,44.1627589,NA,NAONTARIO,Iron Bridge,Algoma,NA,NA,NA,NA,NA,NA,NA,NA,NA,2008,1,Iron Bridge,NA,NA,-83.222592,46.27853,NA,NA,NA,NAONTARIO,Englehart/New Liskeard,Timiskaming,NA,NA,NA,NA,NA,NA,NA,NA,NA,2009,1,Englehart,New Liskeard,NA,-79.8738283,47.8242362,-79.6743139,47.5087615,NA,NAONTARIO,Earlton,Timiskaming,NA,NA,NA,NA,NA,NA,NA,NA,NA,2013,1,Earlton,NA,NA,-79.82464,47.71071,NA,NA,NA,NAPENNSYLVANIA,Lancaster/Chester,Lancaster,Chester,NA,NA,NA,NA,NA,NA,NA,NA,1760,187,Lancaster,Chester,NA,-76.3055144,40.0378755,-75.3557457,39.849557,NA,NAPENNSYLVANIA,Meyersdale/Springs,Somerset,Garrett,MARYLAND,NA,NA,NA,NA,NA,NA,NA,1772,5,Meyersdale,Springs,NA,-79.024748,39.8136931,-79.1491959,39.7336926,NA,NAPENNSYLVANIA,Belleville/Reedsville,Huntingdon,Mifflin,PENNSYLVANIA,NA,NA,NA,NA,NA,NA,NA,1791,26,Belleville,Reedsville,NA,-77.7255502,40.6050706,-77.595828,40.6639587,NA,NAPENNSYLVANIA,New Wilmington,Lawrence,Mercer,PENNSYLVANIA,NA,NA,NA,NA,NA,NA,NA,1847,19,New Wilmington,NA,NA,-80.3328428,41.1222812,NA,NA,NA,NAPENNSYLVANIA,Enon Valley,Beaver,Lawrence,PENNSYLVANIA,NA,NA,NA,NA,NA,NA,NA,1924,1,Enon Valley,NA,NA,-80.4570111,40.8547846,NA,NA,NA,NAPENNSYLVANIA,Atlantic,Crawford,Mercer,PENNSYLVANIA,NA,NA,NA,NA,NA,NA,NA,1924,7,Atlantic,NA,NA,-80.3389547,41.5047757,NA,NA,NA,NAPENNSYLVANIA,Myerstown,Berks,Lebanon,PENNSYLVANIA,NA,NA,NA,NA,NA,NA,NA,1941,7,Myerstown,NA,NA,-76.3027318,40.3745363,NA,NA,NA,NAPENNSYLVANIA,Mercer/Soneboro,Mercer,NA,NA,NA,NA,NA,NA,NA,NA,NA,1942,5,Mercer,Soneboro,NA,-80.2397852,41.2270025,-80.1050604,41.3392232,NA,NAPENNSYLVANIA,Mifflintown/Port Royal,Juniata,NA,NA,NA,NA,NA,NA,NA,NA,NA,1950,9,Mifflintown,Port Royal,NA,-77.3969338,40.5697996,-77.3855442,40.533412,NA,NAPENNSYLVANIA,Aaronsburg/Woodward,Centre,NA,NA,NA,NA,NA,NA,NA,NA,NA,1950,3,Aaronsburg,Woodward,NA,-77.4533235,40.8997903,-77.3560947,40.8986822,NA,NAPENNSYLVANIA,Winfield,Snyder,Union,PENNSYLVANIA,NA,NA,NA,NA,NA,NA,NA,1959,1,Winfield,NA,NA,-76.8551283,40.9091475,NA,NA,NA,NAPENNSYLVANIA,Smicksburg,Armstrong,Indiana,PENNSYLVANIA,NA,NA,NA,NA,NA,NA,NA,1962,20,Smicksburg,NA,NA,-79.1708704,40.8697871,NA,NA,NA,NAPENNSYLVANIA,McClure,Snyder,NA,NA,NA,NA,NA,NA,NA,NA,NA,1965,3,McClure,NA,NA,-77.3144337,40.7070206,NA,NA,NA,NAPENNSYLVANIA,Spartansburg,Crawford,Erie,PENNSYLVANIA,Warren,PENNSYLVANIA,NA,NA,NA,NA,NA,1966,10,Spartansburg,NA,NA,-79.6836626,41.8239463,NA,NA,NA,NAPENNSYLVANIA,LeRaysville/Rome,Bradford,NA,NA,NA,NA,NA,NA,NA,NA,NA,1966,1,LeRaysville,Rome,NA,-76.1802078,41.8386862,-76.3407699,41.8584081,NA,NAPENNSYLVANIA,Rebersburg/Brush Valley,Centre,NA,NA,NA,NA,NA,NA,NA,NA,NA,1967,6,Rebersburg,Brush Valley,NA,-77.4449883,40.9445123,-79.0664205,40.5361793,NA,NAPENNSYLVANIA,Dry Run/Path Valley,Franklin,NA,NA,NA,NA,NA,NA,NA,NA,NA,1968,5,Dry Run,Path Valley,NA,-77.7538812,40.1675853,-77.65680907,40.03335406,NA,NAPENNSYLVANIA,Conneautville,Crawford,NA,NA,NA,NA,NA,NA,NA,NA,NA,1969,2,Conneautville,NA,NA,-80.3678424,41.757833,NA,NA,NA,NAPENNSYLVANIA,Sugar Grove,Warren,Chautauqua,NEW YORK,NA,NA,NA,NA,NA,NA,NA,1969,8,Sugar Grove,NA,NA,-79.3386615,41.9825569,NA,NA,NA,NAPENNSYLVANIA,Turbotville/Danville,Montour,Northumberland,PENNSYLVANIA,NA,NA,NA,NA,NA,NA,NA,1970,3,Turbotville,Danville,NA,-76.7710716,41.1020285,-76.6127329,40.96342,NA,NAPENNSYLVANIA,Newburg/Cumberland Valley,Cumberland,Franklin,PENNSYLVANIA,NA,NA,NA,NA,NA,NA,NA,1971,6,Newburg,Cumberland Valley,NA,-78.1158411,40.48632535,-78.6341996,39.8110168,NA,NAPENNSYLVANIA,Guys Mills,Crawford,NA,NA,NA,NA,NA,NA,NA,NA,NA,1972,3,Guys Mills,NA,NA,-79.9775565,41.6300555,NA,NA,NA,NAPENNSYLVANIA,Troutville/Punxsutawney,Clearfield,Jefferson,PENNSYLVANIA,NA,NA,NA,NA,NA,NA,NA,1972,12,Troutville,Punxsutawney,NA,-78.7853089,41.0256177,-78.9708668,40.9436753,NA,NAPENNSYLVANIA,Loganton/Sugar Valley,Clinton,NA,NA,NA,NA,NA,NA,NA,NA,NA,1972,7,Loganton,Sugar Valley,NA,-77.3066405,41.0342375,-77.3229495,41.02263913,NA,NAPENNSYLVANIA,Tionesta/Fryburg,Forest,NA,NA,NA,NA,NA,NA,NA,NA,NA,1972,2,Tionesta,Fryburg,NA,-79.4558798,41.49534,-79.4381013,41.3536732,NA,NAPENNSYLVANIA,Howard/Mill Hall/Nittany Valley,Centre,Clinton,PENNSYLVANIA,NA,NA,NA,NA,NA,NA,NA,1973,6,Howard,Mill Hall,Nittany Valley,-77.6580534,41.0142294,-77.48443,41.10729,-77.74887003,40.86902985PENNSYLVANIA,Bloomsburg/Danville,Columbia,Montour,PENNSYLVANIA,Northumberland,PENNSYLVANIA,NA,NA,NA,NA,NA,1974,4,Bloomsburg,Danville,NA,-76.4549457,41.003698,-76.6127329,40.96342,NA,NAPENNSYLVANIA,Delta,York,NA,NA,NA,NA,NA,NA,NA,NA,NA,1975,3,Delta,NA,NA,-76.3266255,39.727049,NA,NA,NA,NAPENNSYLVANIA,Loysville/Blain,Perry,NA,NA,NA,NA,NA,NA,NA,NA,NA,1975,5,Loysville,Blain,NA,-77.3444223,40.3657665,-77.5124882,40.3384161,NA,NAPENNSYLVANIA,Allenwood/White Deer Valley,Lycoming,Northumberland,PENNSYLVANIA,NA,NA,NA,NA,NA,NA,NA,1976,4,Allenwood,White Deer Valley,NA,-76.8982974,41.1075825,-77.0913568,41.1117447,NA,NAPENNSYLVANIA,Millersburg/Lykens Valley,Dauphin,Schuykill,PENNSYLVANIA,NA,NA,NA,NA,NA,NA,NA,1978,8,Millersburg,Lykens Valley,NA,-76.9608103,40.5395289,-76.6954587,40.6122898,NA,NAPENNSYLVANIA,Spring Mills/Penns Valley,Centre,NA,NA,NA,NA,NA,NA,NA,NA,NA,1979,3,Spring Mills,Penns Valley,NA,-77.5674956,40.853399,-77.44345664,40.84236868,NA,NAPENNSYLVANIA,Pocahontas,Somerset,NA,NA,NA,NA,NA,NA,NA,NA,NA,1980,1,Pocahontas,NA,NA,-78.9583572,39.7411954,NA,NA,NA,NAPENNSYLVANIA,Union City,Crawford,Erie,PENNSYLVANIA,NA,NA,NA,NA,NA,NA,NA,1983,2,Union City,NA,NA,-79.8453298,41.8995001,NA,NA,NA,NAPENNSYLVANIA,Clintonville/Harrisville,Venango,NA,NA,NA,NA,NA,NA,NA,NA,NA,1983,3,Clintonville,Harrisville,NA,-79.8728317,41.199227,-80.0092239,41.1367274,NA,NAPENNSYLVANIA,Williamsport/Nippenose Valley,Clinton,Lycoming,PENNSYLVANIA,NA,NA,NA,NA,NA,NA,NA,1985,2,Williamsport,Nippenose Valley,NA,-77.0010786,41.2411897,-77.2530254,41.1347947,NA,NAPENNSYLVANIA,Linesville,Crawford,NA,NA,NA,NA,NA,NA,NA,NA,NA,1985,2,Linesville,NA,NA,-80.4239562,41.6561656,NA,NA,NA,NAPENNSYLVANIA,Tyrone/Sinking Valley,Blair,NA,NA,NA,NA,NA,NA,NA,NA,NA,1988,2,Tyrone,Sinking Valley,NA,-78.2386244,40.6706184,-78.1619542,40.614233,NA,NAPENNSYLVANIA,Fredonia/Greenville,Mercer,NA,NA,NA,NA,NA,NA,NA,NA,NA,1990,2,Fredonia,Greenville,NA,-80.2586747,41.3217232,-80.3911785,41.404499,NA,NAPENNSYLVANIA,Berlin/Shanksville,Somerset,NA,NA,NA,NA,NA,NA,NA,NA,NA,1992,1,Berlin,Shanksville,NA,-78.9578022,39.9206363,-78.9072458,40.0178571,NA,NAPENNSYLVANIA,Dornsife,Northumberland,NA,NA,NA,NA,NA,NA,NA,NA,NA,1993,2,Dornsife,NA,NA,-76.7891353,40.7456399,NA,NA,NA,NAPENNSYLVANIA,Paxinos/Irish Valley,Northumberland,NA,NA,NA,NA,NA,NA,NA,NA,NA,1997,1,Paxinos,Irish Valley,NA,-76.5806193,40.8508803,-76.6540514,40.8046384,NA,NAPENNSYLVANIA,Homer City,Indiana,NA,NA,NA,NA,NA,NA,NA,NA,NA,1997,1,Homer City,NA,NA,-79.1622566,40.5434007,NA,NA,NA,NAPENNSYLVANIA,Uylsses,Potter,NA,NA,NA,NA,NA,NA,NA,NA,NA,1998,2,Uylsses,NA,NA,-77.7619373,41.9039569,NA,NA,NA,NAPENNSYLVANIA,Hazen/Brookville,Jefferson,NA,NA,NA,NA,NA,NA,NA,NA,NA,1999,3,Hazen,Brookville,NA,-78.9703123,41.2067292,-79.0830924,41.1611746,NA,NAPENNSYLVANIA,Emlenton/Sligo,Clarion,NA,NA,NA,NA,NA,NA,NA,NA,NA,2000,2,Emlenton,Sligo,NA,-79.7078274,41.1772836,-79.4900454,41.1092297,NA,NAPENNSYLVANIA,Knox,Clarion,NA,NA,NA,NA,NA,NA,NA,NA,NA,2000,3,Knox,NA,NA,-79.5372696,41.2345058,NA,NA,NA,NAPENNSYLVANIA,Canton,Bradford,NA,NA,NA,NA,NA,NA,NA,NA,NA,2001,1,Canton,NA,NA,-76.8532927,41.656464,NA,NA,NA,NAPENNSYLVANIA,Ringgold/Mayport,Armstrong,Jefferson,PENNSYLVANIA,NA,NA,NA,NA,NA,NA,NA,2002,1,Ringgold,Mayport,NA,-79.1687122,40.9950395,-79.2514282,41.0336768,NA,NAPENNSYLVANIA,Johnsonburg/Rossiter,Jefferson,NA,NA,NA,NA,NA,NA,NA,NA,NA,2005,3,Johnsonburg,Rossiter,NA,-78.675026,41.4906172,-78.9311438,40.8945084,NA,NAPENNSYLVANIA,Saegertown/Cambridge Springs,Crawford,NA,NA,NA,NA,NA,NA,NA,NA,NA,2006,1,Saegertown,Cambridge Springs,NA,-80.1475583,41.7189447,-80.0564443,41.8036675,NA,NAPENNSYLVANIA,Greenville,Mercer,NA,NA,NA,NA,NA,NA,NA,NA,NA,2006,1,Greenville,NA,NA,-80.3911785,41.404499,NA,NA,NA,NAPENNSYLVANIA,Carlton,Mercer,NA,NA,NA,NA,NA,NA,NA,NA,NA,2010,1,Carlton,NA,NA,-80.0197816,41.4761647,NA,NA,NA,NAPENNSYLVANIA,Nicktown/North Cambria,Cambria,NA,NA,NA,NA,NA,NA,NA,NA,NA,2013,1,Nicktown,North Cambria,NA,-78.8033595,40.6134017,-78.7476208,40.4894231,NA,NAPENNSYLVANIA,Westover,Clearfield,NA,NA,NA,NA,NA,NA,NA,NA,NA,2013,1,Westover,NA,NA,-78.6708604,40.7503421,NA,NA,NA,NASOUTH DAKOTA,Tripp,Hutchinson,NA,NA,NA,NA,NA,NA,NA,NA,NA,2010,1,Tripp,NA,NA,-97.965905,43.2255461,NA,NA,NA,NATENNESSEE,Ethridge,Lawrence,NA,NA,NA,NA,NA,NA,NA,NA,NA,1944,10,Ethridge,NA,NA,-87.3036262,35.32369,NA,NA,NA,NATENNESSEE,Huntingdon/Bruceton,Carroll,NA,NA,NA,NA,NA,NA,NA,NA,NA,1975,1,Huntingdon,Bruceton,NA,-88.4281063,36.0006178,-88.2444874,36.0381158,NA,NATENNESSEE,McKenzie,Carroll,Weakley,TENNESSEE,NA,NA,NA,NA,NA,NA,NA,1998,1,McKenzie,NA,NA,-88.5186636,36.1325616,NA,NA,NA,NATENNESSEE,Summertown,Lewis,NA,NA,NA,NA,NA,NA,NA,NA,NA,2000,1,Summertown,NA,NA,-87.3128887,35.4348074,NA,NA,NA,NATENNESSEE,Adamsville,McNairy,NA,NA,NA,NA,NA,NA,NA,NA,NA,2009,1,Adamsville,NA,NA,-88.3905965,35.2359146,NA,NA,NA,NATENNESSEE,Bradford,Gibson,NA,NA,NA,NA,NA,NA,NA,NA,NA,2009,1,Bradford,NA,NA,-88.8100617,36.0764546,NA,NA,NA,NATENNESSEE,Deer Lodge,Morgan,NA,NA,NA,NA,NA,NA,NA,NA,NA,2013,1,Deer Lodge,NA,NA,-84.7591131,36.201463,NA,NA,NA,NATEXAS,Beeville,Bee,NA,NA,NA,NA,NA,NA,NA,NA,NA,1999,1,Beeville,NA,NA,-97.7483312,28.4008319,NA,NA,NA,NAVIRGINIA,Pearisburg,Giles,NA,NA,NA,NA,NA,NA,NA,NA,NA,1993,1,Pearisburg,NA,NA,-80.7350711,37.3265112,NA,NA,NA,NAVIRGINIA,Charlotte Court House,Charlotte,NA,NA,NA,NA,NA,NA,NA,NA,NA,1997,2,Charlotte Court House,NA,NA,-78.638334,37.0565361,NA,NA,NA,NAVIRGINIA,Nathalie,Halifax,NA,NA,NA,NA,NA,NA,NA,NA,NA,2005,2,Nathalie,NA,NA,-78.9472347,36.9348619,NA,NA,NA,NAVIRGINIA,Rose Hill/Jonesville,Lee,NA,NA,NA,NA,NA,NA,NA,NA,NA,2008,1,Rose Hill,Jonesville,NA,-80.2400811,37.7302389,-83.1110047,36.6889777,NA,NAVIRGINIA,Tazewell/Burkes Garden,Tazewell,NA,NA,NA,NA,NA,NA,NA,NA,NA,2012,1,Tazewell,Burkes Garden,NA,-81.5195548,37.1148374,-81.3409367,37.0981724,NA,NAVIRGINIA,Chatham,Pittsylvania,NA,NA,NA,NA,NA,NA,NA,NA,NA,2013,1,Chatham,NA,NA,-79.3980806,36.8256943,NA,NA,NA,NAWEST VIRGINIA,Letart,Mason,NA,NA,NA,NA,NA,NA,NA,NA,NA,1996,1,Letart,NA,NA,-81.9334704,38.8948034,NA,NA,NA,NAWEST VIRGINIA,Palestine,Wirt,NA,NA,NA,NA,NA,NA,NA,NA,NA,2004,1,Palestine,NA,NA,-81.01769495,38.381287,NA,NA,NA,NAWEST VIRGINIA,Forest Hill/Hinton,Summers,NA,NA,NA,NA,NA,NA,NA,NA,NA,2006,1,Forest Hill,Hinton,NA,-80.7894981,37.5688174,-80.8892539,37.674008,NA,NAWISCONSIN,Medford,Taylor,NA,NA,NA,NA,NA,NA,NA,NA,NA,1920,3,Medford,NA,NA,-90.3401404,45.1385798,NA,NA,NA,NAWISCONSIN,Blair,Trempealeau,NA,NA,NA,NA,NA,NA,NA,NA,NA,1960,3,Blair,NA,NA,-91.2351602,44.2944029,NA,NA,NA,NAWISCONSIN,Cashton,Monroe,Vernon,WISCONSIN,NA,NA,NA,NA,NA,NA,NA,1966,13,Cashton,NA,NA,-90.7792984,43.7419143,NA,NA,NA,NAWISCONSIN,Wilton/Tomah,Monroe,NA,NA,NA,NA,NA,NA,NA,NA,NA,1969,8,Wilton,Tomah,NA,-90.5279093,43.8135796,-90.5040214,43.9785759,NA,NAWISCONSIN,Spencer,Clark,Marathon,WISCONSIN,NA,NA,NA,NA,NA,NA,NA,1970,1,Spencer,NA,NA,-90.2968012,44.7577418,NA,NA,NA,NAWISCONSIN,Chetek,Barron,NA,NA,NA,NA,NA,NA,NA,NA,NA,1974,1,Chetek,NA,NA,-91.6510007,45.3141273,NA,NA,NA,NAWISCONSIN,Greenwood/Willard,Clark,NA,NA,NA,NA,NA,NA,NA,NA,NA,1975,3,Greenwood,Willard,NA,-90.5993076,44.7702406,-90.7193106,44.7349614,NA,NAWISCONSIN,Evansville/Brodhead,Green,Rock,WISCONSIN,NA,NA,NA,NA,NA,NA,NA,1975,1,Evansville,Brodhead,NA,-89.2992838,42.7802831,-89.3762278,42.6183424,NA,NAWISCONSIN,Kingston/Dalton,Columbia,Green Lake,WISCONSIN,Marquette,WISCONSIN,NA,NA,NA,NA,NA,1977,12,Kingston,Dalton,NA,-89.1276148,43.6955371,-89.2065051,43.6569261,NA,NAWISCONSIN,Augusta/Fairfield,Eau Claire,NA,NA,NA,NA,NA,NA,NA,NA,NA,1978,8,Augusta,Fairfield,NA,-91.1198755,44.6802386,-88.776389,42.633056,NA,NAWISCONSIN,Granton,Clark,NA,NA,NA,NA,NA,NA,NA,NA,NA,1981,6,Granton,NA,NA,-90.4612469,44.5888512,NA,NA,NA,NAWISCONSIN,Wautoma/Coloma,Marquette,Waushara,WISCONSIN,NA,NA,NA,NA,NA,NA,NA,1983,4,Wautoma,Coloma,NA,-89.287897,44.0746995,-89.5224004,44.0354817,NA,NAWISCONSIN,Hillsboro,Richland,Vernon,WISCONSIN,NA,NA,NA,NA,NA,NA,NA,1985,8,Hillsboro,NA,NA,-90.3440178,43.6521958,NA,NA,NA,NAWISCONSIN,Bonduel,Shawano,NA,NA,NA,NA,NA,NA,NA,NA,NA,1987,2,Bonduel,NA,NA,-88.4448242,44.7402679,NA,NA,NA,NAWISCONSIN,LaValle,Sauk,NA,NA,NA,NA,NA,NA,NA,NA,NA,1988,3,LaValle,NA,NA,-89.69239765,43.60063372,NA,NA,NA,NAWISCONSIN,Loganville,Sauk,NA,NA,NA,NA,NA,NA,NA,NA,NA,1988,2,Loganville,NA,NA,-90.0359588,43.4402612,NA,NA,NA,NAWISCONSIN,Loyal,Clark,NA,NA,NA,NA,NA,NA,NA,NA,Swartzentruber,1989,5,Loyal,NA,NA,-90.4959724,44.7369073,NA,NA,NA,NAWISCONSIN,Readstown,Crawford,Richland,WISCONSIN,Vernon,WISCONSIN,NA,NA,NA,NA,NA,1990,3,Readstown,NA,NA,-90.7592968,43.4494204,NA,NA,NA,NAWISCONSIN,Athens,Marathon,Taylor,WISCONSIN,NA,NA,NA,NA,NA,NA,NA,1990,2,Athens,NA,NA,-90.0740226,45.0330224,NA,NA,NA,NAWISCONSIN,Mondovi,Buffalo,Pepin,WISCONSIN,NA,NA,NA,NA,NA,NA,NA,1991,2,Mondovi,NA,NA,-91.6709927,44.5677422,NA,NA,NA,NAWISCONSIN,Owen/Unity,Clark,NA,NA,NA,NA,NA,NA,NA,NA,NA,1991,1,Owen,Unity,NA,-90.5643019,44.9485796,-90.3165242,44.8516322,NA,NAWISCONSIN,New Holstein/Elkhart Lake,Calumet,Fond du Lac,WISCONSIN,NA,NA,NA,NA,NA,NA,NA,1992,1,New Holstein,Elkhart Lake,NA,-88.0842642,43.9499924,-88.0178729,43.8333269,NA,NAWISCONSIN,Viroqua/Dach Ridge,Vernon,NA,NA,NA,NA,NA,NA,NA,NA,NA,1992,1,Viroqua,Dach Ridge,NA,-90.8887413,43.5569174,-90.9306852,43.5158069,NA,NAWISCONSIN,Beetown/Bloomington,Grant,NA,NA,NA,NA,NA,NA,NA,NA,NA,1993,1,Beetown,Bloomington,NA,-90.885278,42.795,-90.9234604,42.8852664,NA,NAWISCONSIN,Chaseburg/Viroqua,Vernon,NA,NA,NA,NA,NA,NA,NA,NA,NA,1994,3,Chaseburg,Viroqua,NA,-91.0965205,43.6577482,-90.8887413,43.5569174,NA,NAWISCONSIN,Lookout/Wulff Valley,Buffalo,NA,NA,NA,NA,NA,NA,NA,NA,NA,1995,1,Lookout,Wulff Valley,NA,-91.573822,44.457565,-91.6006715,44.447839,NA,NAWISCONSIN,Marion,Waupaca,NA,NA,NA,NA,NA,NA,NA,NA,NA,1995,2,Marion,NA,NA,-88.889272,44.670812,NA,NA,NA,NAWISCONSIN,Livingston,Grant,NA,NA,NA,NA,NA,NA,NA,NA,NA,1997,1,Livingston,NA,NA,-90.4309595,42.8999924,NA,NA,NA,NAWISCONSIN,New Auburn,Chippewa,NA,NA,NA,NA,NA,NA,NA,NA,NA,1997,2,New Auburn,NA,NA,-91.5582197,45.2041282,NA,NA,NA,NAWISCONSIN,Fennimore,Grant,NA,NA,NA,NA,NA,NA,NA,NA,NA,1998,3,Fennimore,NA,NA,-90.6554041,42.9835997,NA,NA,NA,NAWISCONSIN,Taylor,Jackson,Trempealeau,WISCONSIN,NA,NA,NA,NA,NA,NA,NA,1998,2,Taylor,NA,NA,-91.1198757,44.3210709,NA,NA,NA,NAWISCONSIN,Edgar/Stratford,Marathon,NA,NA,NA,NA,NA,NA,NA,NA,NA,1999,1,Edgar,Stratford,NA,-89.9634629,44.9271888,-90.0792975,44.8010763,NA,NAWISCONSIN,Platteville/Darlington,Grant,Lafayette,WISCONSIN,NA,NA,NA,NA,NA,NA,NA,1999,5,Platteville,Darlington,NA,-90.4784621,42.73416,-90.1176258,42.6830566,NA,NAWISCONSIN,Milladore,Portage,Wood,WISCONSIN,NA,NA,NA,NA,NA,NA,NA,2000,1,Milladore,NA,NA,-89.8548476,44.6041308,NA,NA,NA,NAWISCONSIN,Reedsville,Manitowoc,NA,NA,NA,NA,NA,NA,NA,NA,NA,2002,1,Reedsville,NA,NA,-87.9567618,44.153604,NA,NA,NA,NAWISCONSIN,Ettrick/Franklin,Jackson,NA,NA,NA,NA,NA,NA,NA,NA,NA,2002,1,Ettrick,Franklin,NA,-91.2690443,44.1682926,-88.0384195,42.888627,NA,NAWISCONSIN,Cornell,Chippewa,NA,NA,NA,NA,NA,NA,NA,NA,NA,2002,1,Cornell,NA,NA,-91.1493107,45.1671881,NA,NA,NA,NAWISCONSIN,Sheldon,Rusk,Taylor,WISCONSIN,NA,NA,NA,NA,NA,NA,NA,2002,1,Sheldon,NA,NA,-90.9559696,45.3105264,NA,NA,NA,NAWISCONSIN,Arpin/Vesper,Wood,NA,NA,NA,NA,NA,NA,NA,NA,NA,2002,2,Arpin,Vesper,NA,-90.0351302,44.5405159,-89.9640176,44.4821825,NA,NAWISCONSIN,Bangor,LaCrosse,Monroe,WISCONSIN,NA,NA,NA,NA,NA,NA,NA,2003,1,Bangor,NA,NA,-90.9904109,43.8930218,NA,NA,NA,NAWISCONSIN,Black River Falls,Jackson,NA,NA,NA,NA,NA,NA,NA,NA,NA,2004,1,Black River Falls,NA,NA,-90.8515311,44.2946833,NA,NA,NA,NAWISCONSIN,Neillsville,Clark,NA,NA,NA,NA,NA,NA,NA,NA,NA,2005,1,Neillsville,NA,NA,-90.5962498,44.559962,NA,NA,NA,NAWISCONSIN,Gilman,Taylor,NA,NA,NA,NA,NA,NA,NA,NA,NA,2007,1,Gilman,NA,NA,-90.8076338,45.1666382,NA,NA,NA,NAWISCONSIN,Lublin,Taylor,NA,NA,NA,NA,NA,NA,NA,NA,NA,2008,1,Lublin,NA,NA,-90.7245781,45.0771928,NA,NA,NA,NAWISCONSIN,Prairie Farms/Clear Lake,Barron,Polk,WISCONSIN,NA,NA,NA,NA,NA,NA,NA,2011,1,Prairie Farms,Clear Lake,NA,-88.4456995,42.9001377,-92.2712996,45.2519072,NA,NAWISCONSIN,Frederic,Polk,NA,NA,NA,NA,NA,NA,NA,NA,NA,2012,1,Frederic,NA,NA,-92.4671434,45.6591194,NA,NA,NA,NAWISCONSIN,Woodville,St Croix,NA,NA,NA,NA,NA,NA,NA,NA,NA,2012,1,Woodville,NA,NA,-92.2912993,44.9530206,NA,NA,NA,NAWISCONSIN,Luck,Polk,NA,NA,NA,NA,NA,NA,NA,NA,NA,2013,1,Luck,NA,NA,-92.4827001,45.5760664,NA,NA,NA,NAWISCONSIN,Monroe,Green,NA,NA,NA,NA,NA,NA,NA,NA,NA,2013,1,Monroe,NA,NA,-89.6384532,42.6011194,NA,NA,NA,NAWYOMING,Hulett,Crook,NA,NA,NA,NA,NA,NA,NA,NA,NA,2011,1,Hulett,NA,NA,-104.6016274,44.6827619,NA,NA,NA,NA